label,chunk_id,mp_index,text_chunk,rank,bucket,in_ground_truth,llm_score,llm_reason
Adaptation,3017,10,"ains a detailed description of the works to be done and a cost estimate. The plan has been approved by Stichting Rietveld Schröderhuis. The restoration architect reports to Centraal Museum every year. This report and all other activities and works pertaining to the House are discussed at meetings of the Stichting Rietveld Schröderhuis.

Given the concerns that the House might deteriorate as a result of all the visitors, it was decided in 2019 to perform an extensive research into this and related matters, in collaboration with Centraal Museum, TU Delft, SRAL and TNO. With the support of the Getty Foundation (as part of the Keeping It Modern initiative), this study eventually resulted in the research report and publication Colour, Form and Space - Rietveld Schröder House Challenging the Future (2019). The study found that, despite considerable fluctuations in temperature and humidity, the condition of the House remains stable.",2017,A,True,2,"The text mentions monitoring environmental fluctuations and stability, but does not describe active adjustments or strategies to adapt to climate change."
Adaptation,2128,4,"ts of climate change on economic, social, and cultural aspects.
-   Integrate and mainstream the Trilateral Climate Change Adaptation Strategy into all activity fields and make it more publicly known.
-   Continue monitoring the Trilateral Climate Change Adaptation Strategy and embed the results in longterm trilateral climate change policies.
-   Improve communication on OUV key values and climate change effects on the ability of the Wadden Sea to deliver ecosystem services in relation to economic, social, and cultural values.
-   Strengthen support for initiatives aimed at reducing the Wadden Sea Region's CO 2 emissions in order to contribute to overall EU CO 2 reduction targets, in particular the decarbonization of the energy sector, traffic sector, and tourism sector, as well as striving to take on a pioneering role in this respect as part of their own responsibility as site management operators.",4,A,True,5,The text explicitly focuses on implementing and monitoring a Climate Change Adaptation Strategy to manage the impacts on the Wadden Sea's values and services.
Adaptation,1978,3,"to other networks will be encouraged (modal shift). At the edges of business areas and centres, there will be parking with the possibility of transferring to local public transport or shared bicycles.

Preventing infrastructure-related interventions from having a negative impact on the Outstanding Universal Value, or minimising such an impact through good integration of interventions that have to be carried out because they are of major importance to society.

Development pressure due to energy transition and climate change adaptation

In the New Dutch Waterline and its surroundings, there are energy transition initiatives in the form of solar fields and wind turbines.

Climate change adaptation requires the ability to anticipate sharp fluctuations in water supply and deal with heat stress. To this end, dykes are strengthened and water retention sites built, including in the World Heritage Site.",1,B,False,5,The text explicitly mentions climate change adaptation and describes specific physical measures (strengthening dykes and building water retention sites) to manage water fluctuations and heat stress within a World Heritage Site.
Adaptation,297,0,"water authorities, and damages caused by the climate, the environment or calamities will be repaired whenever necessary and possible.

All in all, the risks of climate change are adequately regulated.

5.3.4 Natural disasters, calamities and risk management

In the areas where the component parts of the Colonies of Benevolence are located, there is no increased risk of floods or earthquakes, although strong winds, thunderstorms and hail could cause damage to plantings and buildings. This particularly applies to the avenue planting and to solitary beeches, which are part of the original planting. Diseases pose a potential threat to the vegetation and the planting, for example tree diseases that threaten certain species of trees.

The damage to vegetation and planting can be compensated partially by a replanting obligation, with the exception of tree diseases which might lead to the (local) extinction of some specific species.",11,B,False,3,"The text discusses risk management and the ability to repair damages and replant vegetation, which relates to coping with and moderating climate-related impacts."
Adaptation,2025,4,"_____________________ 22       |
| 4.                                                       | Climate Change Vulnerability and Adaptation ________     | 24                                       |
| 4.1                                                      | Climate Stressors in the Wadden Sea _______________      | 24                                       |
| 4.2                                                      | Adaptation and Mitigation Agreements                     | _____________ 24                         |
| 4.3                                                      | Proposals for Management Activities                      | _______________ 25                       |

5.

Towards Sustainable Management of the Wadden Sea

5.1  Key Topic Fisheries

\_\_

\_\_\_\_\_\_\_\_\_\_\_\_\_\_\_\_\_\_\_\_\_\_\_\_\_\_\_\_\_\_\_

5.2  Key Topic Tourism

\_\_\_\_\_\_\_\_\_\_\_\_\_\_\_\_\_\_\_\_\_\_\_\_\_\_\_\_\_\_\_\_

5.",6,B,False,4,"The text explicitly lists 'Climate Change Vulnerability and Adaptation' as a primary section heading, indicating a direct focus on the concept."
Adaptation,677,0,"the cobbled streets. In the context of its Mobility Plan, the city of Hoogstraten is monitoring these traffic flows.

The roads are damaged by speeding cars as well as by heavy (agricultural) traffic. Walkers, cyclists and horse riders sometimes come into conflict with the motorised (agricultural) traffic. Incidental nuisance is caused by quads, motocross bikes and the like.

In recent years, much effort has been put in the prevention of illegal parking along the avenues, through measures such as the construction of central parking facilities with overflow capacity.

Management measures

Continuation of existing policy:

- -Where necessary, the avenue structure will be reinforced or restored, and the visibility will be improved. In both Colonies a consistent layout will be applied. According to the Avenue Management Plan of the Flemish Land Agency, the avenues in open areas should remain transparent. The view of the façades from the avenues should not be disturbed.",1922,C,False,1,"The text discusses traffic management and road maintenance, with no mention of climate change, environmental variability, or climate adaptation strategies."
Assessment,2151,4,"esults could be, where adequate or needed, the improvement of visitor management or zoning schemes, taking into account that the existing nature conservation standard should be maintained or improved.

3 The TWSC, through the responsible trilateral group, to strengthen initiatives for cross-border cooperation for fostering the nature conservation aspect of sustainability in tourism by:

- A. Addressing gaps in knowledge regarding the impacts of tourism on the OUV, for example through research projects.
- B. Analysing existing national monitoring data in terms ofeffects from tourism and considering cumulative effects (obligation in the Habitats Directive in the case of projects or plans seeking permission).
- C. Encouraging and supporting local communities and tourism stakeholders to assess the local/regional impact of tourism on the OUV as well as on further ecological, sociocultural, and economic values, for example. by using the ""Wadden Sea T ourism Radar' 14 .
- D.",116,A,True,4,The text explicitly mentions the need for stakeholders to 'assess' the local/regional impact of tourism on the OUV and other values.
Assessment,1479,2,"ments (compliant with ICOMOS process).
- A ction 1c3 - Attributes of OUV: Establish process for annual review of the condition of the attributes of the OUV (part of the Monitoring Programme and Plan).

Policy 2d - Property of World Heritage: Annual review of developments regarding anticipated and actual risks and their impact on Management Strategies.

- Action 2d1 - Protocol environment and property: Implement protocol for undertaking annual assessments of the environmental circumstances and prospect of environmental issues.
- Action 2d2 - Process environment and property: Establish process for undertaking annual assessments of the environmental circumstances and prospect of environmental issues.

Policy 5a - Active and proactive governance: through their expertise, the board and the management of the Royal Eise Eisinga Planetarium Foundation are equipped to actively and proactively, in a clear and direct manner, fulfil their responsibility for the comprehensive conservation, manageme",71,A,True,5,"The text explicitly mentions 'annual assessments' and 'annual review' of attributes and environmental risks, directly aligning with the definition of evaluating and gauging quality or extent."
Assessment,2331,5,"high-rise/residential buildings and industrial estates. When constructing or widening the national infrastructure, a Planning Procedures Decree is required, which must also include the EIA procedure. In practice, the EIA is already regularly broadened into an Environmental Impact Report (EIR), which anticipates the arrival of the Environment and Planning Act and in which more attention is paid to, for example, health.

In addition to the legal system, other instruments are used to ensure that heritage is given a place in the planning consideration, for example in visual quality plans, visions for the future, cultural heritage assessments and high-rise impact analyses. The results of these studies and visions are used to substantiate and further develop the formal instruments, such as the Environmental Vision, the basic set of rules, the Environmental Plan and permits for developments in an area.",20,B,False,4,The text explicitly mentions 'cultural heritage assessments' as an instrument used to ensure heritage is considered in planning.
Assessment,2335,5,"ected cityscape. The internal advice from Monuments and Archaeology and an assessment by the Committee for Spatial Quality or the Committee for Environmental Quality are part of this permit procedure. For this quality test, the Policy Framework for Monuments and the Building Aesthetics Document The Beauty of Amsterdam are used. The Policy Framework consists of two parts:

1.   The Assessment Criteria: the assessment criteria indicate the options for adapting the monument (What is allowed?).
2.   The Technical Instructions for the implementation of restoration and maintenance: the technical instructions indicate how the work must be carried out (How should it be done?).

The implementation of the Environment and Planning Act and the Amsterdam basic set of rules is not expected to have a regulatory impact on the degree of protection and safeguarding of the value of the canal ring area.",4,B,False,5,"The text explicitly discusses the assessment process, including the use of specific assessment criteria and committees to evaluate monument adaptations."
Assessment,334,0,"ndicators in respect of the various issues indicated above that are subject to monitoring. For each key indicator it is specified how it is measured, who is responsible, and the measurement frequency.

The input for the monitoring system and the preparation of an annual monitoring report to the steering group is provided centrally from the programme office and organised by the Site holders. The steering group annually submits the monitoring report for advice to the Advisory Committee for Science, Education and Quality.

The Site holders (the operational role of the site managers) is responsible for the collection of information, the bundling of data and reports for the site as a whole and per country (transcending level). The Colony managers are responsible for supplying the information per Colony.

The development of the monitoring system will be organised organically and will be further substantiated, building on the methodology used for other World Heritage sites.",16,B,False,4,"The text describes a monitoring system designed to measure indicators and report findings, which is a core component of the assessment process."
Assessment,1442,2,"d Citymarketing                            |
| 3a - Inner city management                                 | 3a5 - The Franeker identity                                       |
| 3a - Inner city management                                 | 3a6 - Programming                                                 |
| 3a - Inner city management                                 | 3a7 - Activities and events                                       |
| 3c - Leeuwarden Friesland 2018 European Capital of Culture | 3c1 - Oort Cloud Fountain                                         |
| 3d - Public events                                         | 3d1 - Varied range public events                                  |
| 4a - Sharing Values                                        | 4a1 - Accessibility Planetarium                                   |
| 4a - Sharing Values                                        | 4a2 - Information desk Planetarium                                |
| 4a - Sharing Values",1529,C,False,1,"The text consists of a list of management categories and event programming, containing no evaluative or diagnostic activities related to assessment."
Climate change,2444,5,"anagement Plan). Therefore, this topic is discussed in more detail below.

Climate change approach

In Northwest Europe, climate change leads to an increase in the average temperature (by more than 1.5 degrees Celsius), a (faster) rise of the sea level, subsidence of the soil, an increase in the number and intensity of peak showers, an increase in periods of drought. Risks in this connection are flooding, waterlogging, subsidence, heat stress and loss of or undesirable changes in biodiversity. Risks associated with this can relate to all three SOUV criteria. Examples are the physical damage to buildings and the surroundings, or reduced perception value of the heritage.

As is required of every municipality in the Netherlands under the national Delta Programme for climate change (Spatial Adaptation Programme), the City of Amsterdam has carried out a stress test to map out the city's vulnerability to climate change.",2,A,True,5,"The text explicitly discusses climate change impacts, associated risks, and vulnerability assessments specifically in the context of heritage and urban management."
Climate change,296,0,"the greenery and the planting in the area is the increase of the average temperature and shifts in the character of the seasons. In the long term this could lead to changes in species and vegetation. This is particularly true for the avenue planting and solitary beeches, which are part of the original planting.

Although on a local level, both dehydration and waterlogging occur as a result of climate change, but these aspects are not a direct threat, because of the proper control of available water resources and the management of the water board. The control of the water resources in the region is currently regulated by the water management infrastructure, the construction of which had already been started in the years of the Society of Benevolence. Water issues are managed adequately by water authorities, and damages caused by the climate, the environment or calamities will be repaired whenever necessary and possible.

All in all, the risks of climate change are adequately regulated.",12,A,True,5,The text explicitly discusses the impacts of climate change on heritage vegetation and the management strategies used to mitigate these risks.
Climate change,827,0,"eover, the landscape structures are actively reinforced as part of the land use (WILG).

Management measures

New measures

- -Reinforcement of landscape structures as part of the land use Veenhuizen.

Continuation of  existing policy

- -Through the zoning plan, the landscape serves as a guideline for facilitating and incorporating developments.
- -On the basis of the timber regulations for the area, a replanting obligation applies to the avenue plantings and forest areas.

9.5.3.2  Climate change and environmental impact

At local/regional level, climate change is barely noticeable, nor has any environmental impact with a potential influence on the OUV been identified.

At local level, both dehydration and waterlogging occur as a result of climate change. However, neither of these constitutes a direct threat, because the water management in the area can be properly regulated via the available water sources and the control by the water board.",8,B,False,5,"The text explicitly discusses climate change, its local manifestations (dehydration and waterlogging), and the management strategies used to mitigate its impact on the site."
Climate change,2025,4,"_____________________ 22       |
| 4.                                                       | Climate Change Vulnerability and Adaptation ________     | 24                                       |
| 4.1                                                      | Climate Stressors in the Wadden Sea _______________      | 24                                       |
| 4.2                                                      | Adaptation and Mitigation Agreements                     | _____________ 24                         |
| 4.3                                                      | Proposals for Management Activities                      | _______________ 25                       |

5.

Towards Sustainable Management of the Wadden Sea

5.1  Key Topic Fisheries

\_\_

\_\_\_\_\_\_\_\_\_\_\_\_\_\_\_\_\_\_\_\_\_\_\_\_\_\_\_\_\_\_\_

5.2  Key Topic Tourism

\_\_\_\_\_\_\_\_\_\_\_\_\_\_\_\_\_\_\_\_\_\_\_\_\_\_\_\_\_\_\_\_

5.",20,B,False,5,The text explicitly lists 'Climate Change Vulnerability and Adaptation' as a primary section heading.
Climate change,2181,4,"(1997) and has been further developed to also respond to the needs of various national and international monitoring obligations; in particular those from the EU Habitats, Birds, Water, and Marine Strategy Framework Directives, as well as reporting since inscription of the World Heritage Site.

Due to the further development of reporting under these Directives, the TWSC aims to foster the adjustment of the TMAP to today's obligations (for example, climate change and its impact) and to guarantee a future-proof approach with the necessary synergies with existing monitoring programmes. Focus is also on increasing the visibility and outreach of the TMAP and the advantage as a sound basis for reporting through the QSR Reports (TMAP strategy, 2014).

The QSR Thematic Reports are written by scientists in consul- tation with relevant TWSC groups and edited by an Editorial Board in cooperation with the Common Wadden Sea Secretariat (CWSS).",18,B,False,2,"The text mentions climate change as a reporting obligation to be addressed, but does not discuss the concept or its impacts in detail."
Climate change,2604,6,"ctively . In view of  the pressure on the city to meet the great housing shortage, a study assignment has been commissioned by the Municipalityto investigate the area's possibilities and perspectives. One of the possibilities is the realisation of  a new train station in this area, in addition to the research aimed at strengthening both the business functions in the Spaanse Polder and strengthening the residential functions linked to the Blijdorp district and improving the sports facilities. The existing rail connection between the cities of  Rotterdam and The Hague will be doubled to 4 tracks, so 2 tracks can be used for a fast train timetable and the 2 external tracks can be used for a regional train connection with more stops, including at the Van Nellefabriek. It's quite extraordinary that the first proposals for this railway stop already appeared in plans as early as the nineteen thirties.",2701,C,False,1,"The text discusses urban development, housing, and transportation infrastructure, with no mention of climate change or environmental adaptation."
Coherence,2124,4,"such as the use of natural dynamics and flexibility, interconnectivity of habitats, as well as site-specific approaches, trilateral cooperation with long-term planning, and the participatory approach. The seven principles are being applied in a wide range of projects and policies in the trilateral Wadden Sea Area. The implementation of the strategy focuses on trilateral cooperation, not only in the application of responses, but also in the areas of policies and management, monitoring and evaluation, and communication and education. Particular attention is paid to sea level rise and increasing sea and air temperatures, also underlined by the CVI process results.

Responses to adapt to sea level rise build upon locally and regionally established scientific and technical support. These might have significant influence on the OUV as they will most likely lead to an increase in activities for coastal flood defence and protection, such as dyke strengthening and sand nourishment.",109,A,True,4,"The text demonstrates coherence by aligning strategic principles, trilateral cooperation, and scientific support into a consistent framework for managing sea level rise."
Coherence,923,1,"long term aims:

- Frontiers  of  the  Roman  Empire  -  The  Lower  German  Limes is  sustainably  protected.  Researchers  and governments work together on preservation and development of knowledge.
- Frontiers of the Roman Empire - The Lower German Limes is known and acknowledged as a transnational structure within both counties and abroad.
- Frontiers of the Roman Empire - The Lower German Limes is part of the Frontiers of the Roman Empire (FRE). At FRE level there is alignment with regard to preservation, interpretation, research and public access.
- Frontiers of the Roman Empire - The Lower German Limes is used as an educational resource in primary and secondary education.
- Frontiers of the Roman Empire - The Lower German Limes is known as a structure that stretches along the Rhine, running through both countries. This structure is accompanied by high quality public presentation (museums/landscape) and is used for leisure and as a tourist destination.",1154,A,True,4,"The text demonstrates coherence by aligning local management goals with transnational structures and consistent objectives across preservation, research, and public access."
Coherence,136,0,"the authenticity of the historic environment, taking into account the fact that authenticity is one of the fundamental principles of the World Heritage Convention and the associated Operational Guidelines . In 2008, the World Heritage Committee declared that 'authenticity' and 'integrity' constitute an integral part of the declaration of Statement of Outstanding Universal Value (OUV) for each World Heritage site. The document states that the diversity of cultures and heritage in our world are an irreplaceable source of spiritual and intellectual value for all of mankind. In our world, the protection and reinforcement of cultural heritage and the diversity should be actively promoted as an essential aspect of human development.

The Colonies of Benevolence are a fine example of cultural landscapes of which the identity and authenticity have been preserved and have remained recognisable throughout the stages of development.",7,B,False,1,"The text focuses on authenticity, integrity, and universal value, but does not discuss logical consistency or the coherence of discourse."
Coherence,1102,1,"nger visible due to previous encroachment, the responsible authorities should at least try to restore visual sight lines and elements of Roman spatial planning through urban planning measures.

7.2.8. One approach, for example, is the marking of alignments of defensive or building structures by reversible measures, so that the elements of the LGL can be recognised and understood as historical spatial structures. This approach can be applied also to the representation of well-known Roman building axes and street alignments. Such marking does not require the presence of monument substance in the areas concerned.

7.2.9. The basis for this could be the systematic purchase of selected plots of land, not only to prevent them being built on, but also to create open areas

7.2.10. In the medium and long term it could thus be possible to make the position of the individual elements and their interacting relationships legible once more, even in urban areas.

8. PRESENTATION
2. 8.1. Goals

8.1.",18,B,False,4,The text focuses on restoring the logical and spatial relationships between fragmented heritage elements to make the overall historical structure coherent and legible.
Coherence,190,0,"lity as objectives, and puts particular emphasis on the consideration of spatial requirements in relation to other interests. 'The spatial planning is focused on a sustainable spatial development (…). In that respect, the spatial requirements of the different social activities are simultaneously considered. Aspects taken into account are the spatial capacity, the consequences for the environment and the cultural, economic, aesthetic and social consequences. In this way it is endeavoured to achieve spatial quality.' The Codex is the most important decree as regards the spatial planning in Flanders.

In general, the subsidiarity principle applies: a government acts in respect of those subjects that are best attended to at the level concerned. It was decided, for example, to draw up a Provincial Spatial Implementation Plan (PRUP) for Wortel Colony, which was identified as an area of supraregional value.",14,B,False,4,The text describes a planning framework designed to balance competing interests and social activities to achieve a consistent spatial quality.
Coherence,1256,2,"0 years has proven to be extremely sustainable. When gaining independence in 2002 it was stipulated that the Planetarium (planetarium room plus mechanism) will remain the property of the municipality. This was established mainly in order to safeguard continuity: not a foundation board, but the community, or the municipality, is the owner, to perpetuate the sustainability over the years.

In addition to the municipality of Waadhoeke, the province of Fryslân is also aware of the great cultural heritage interest represented by the Eisinga Planetarium. The involvement of the province is expressed, for example, by the fact that the King's Commissioner is also the chairman of the representative Reference Group of the Royal Eise Eisinga Planetarium.

Allocation of responsibilities and coordination

The objectives and tasks of the Royal Eise Eisinga Planetarium Foundation have been laid down in statutes filed with the Chamber of Commerce (see appendix 6).",1918,C,False,4,"The text describes a coherent governance structure where ownership, provincial involvement, and statutory responsibilities align to ensure long-term sustainability."
Conservation,1996,3,"cularly the major rivers, this means that dykes will need to be strengthened in some places. Inside the dykes, solutions such as water retention locations are being sought for temporary water storage. With the right designs, this spatial planning challenge could contribute to making the Dutch Water Defence Lines easier to understand and recognise, by converting former inundation fields into areas for water retention. One example of this is the water retention site - and former inundation polder - of Blokhoven, where once every fortnight it is possible to experience how the water system of the New Dutch Waterline worked. In 2018, preparations are being made to strengthen the dyke between Gorinchem and Waardenburg over a length of 23 kilometres. A Heritage Impact Assessment is part of the project, so that the Outstanding Universal Value is considered in the design phase of the dyke-strengthening, for example around the Honswijk-Everdingen fort complexes.",869,A,True,5,The text explicitly describes dyke strengthening and Heritage Impact Assessments to safeguard the property's Outstanding Universal Value from water-related threats.
Conservation,926,1,"s, common standards will be developed in the fields of interpretation, presentation and communication and projects will be initiated at the level of the Frontiers of the Roman Empire - The Lower German Limes as a whole and as part of the Frontiers of the Roman Empire .

4.3 Risk management

Many of the preserved archaeological remains are well protected against most threats by their underground location. Some elements preserved aboveground have been integrated into later buildings, a process that has ensured their preservation down to the present day. All elements are well protected by the national and state heritage protection laws.

(I) DEVELOPMENT PRESSURES

Frontiers of the Roman Empire - The Lower German Limes is characterised on the one hand by large areas of intensive agricultural use and on the other hand by urban areas up to one thousand years old. In consequence the main factors affecting the property are agricultural activities and urban and industrial growth.",1552,A,True,2,"The text discusses general risk management and development pressures, but does not mention climate-driven or environmental threats specifically."
Conservation,2048,4,"l Value as adopted by the World Heritage Committee in 2014, notes that these topics may pose threats, to the integrity of the Wadden Sea World Heritage Site and therefore require continuous attention. At the same time, if practices in the key topics evolve towards more sustainability, these topics will support the area's conservation.
-   The activities agreed upon for the prioritised five key topics are intended to be performed by the TWSC bodies in close collaboration with the relevant institutions and stakeholders. In the proposed implementation of the activities, existing nature conservation

standards and policies are to be maintained or improved to sustain the area's OUV for future generations. The implementation of the activities shall in no way lead to the lowering of existing nature conservation standards.",9,B,False,5,The text explicitly discusses safeguarding the Wadden Sea World Heritage Site through nature conservation standards to sustain its OUV against threats.
Conservation,2256,5,"e preservation of the World Heritage Site by continuing and strengthening it and, where necessary, adapting it to current developments (including the introduction of the Environment and Planning Act). This affects both spatial and heritage policies (environmental policy), as well as policies aimed at culture, recreation, climate and economy.
- Raising policy assignments collectively to a higher level, seeking cooperation with local stakeholders.

Ad C. Managerial protection

- Inventorying and mapping out (monitoring) the developments and possible threats for the preservation and protection of the OUV.
- Identifying appropriate and feasible actions and measures to manage these developments and possible threats in such a way as to sustainably safeguard preservation and protection in the next 10 years.",1,B,False,4,"The text explicitly discusses safeguarding the site from threats and mapping developments to ensure sustainable preservation, aligning closely with the conservation concept."
Conservation,946,1,"r of the 20 th  century, as a result of increased extraction of drinking-water and intensified drainage of agricultural land. A growing awareness of the adverse effects  of  this  development  -  e.g.  drying  out  of  nature  reserves,  land subsidence, and subsidence of buildings through decay of timber piles - is currently leading to initiatives to mitigate or reverse earlier measures.

Climate change

Global warming resulting from climate change may cause the water level of the Rhine to rise, increasing the risk of flooding of the nominated property in the future (cf. above). A warmer climate or higher water levels will not harm the organic deposits that are part of the Outstanding Universal Value.

Air pollution

No elements within the nominated property are endangered by air pollution. Underground remains in rural or urban areas are not affected. The aboveground remains of walls at Haus Bürgel are not exposed to any danger as no vehicular traffic passes in proximity.",6,B,False,4,"The text explicitly discusses risks from climate change (flooding) and environmental threats (subsidence), as well as initiatives to mitigate these effects."
Conservation,1706,3,"---------------------------------------------------------------------------------------------------------------------------------------------------------------------------------------------------------------------------------------------------------|---------------------------------------------------------------------------------------------------------------------------------------------------------------------------------------------------------------------------------------------------------------------------------------------------|----------------------------------------------------------------------------------------------------------------------------------------------------------------------------------|
| Policy      | - National Policy Strategy for Infrastructure and Spatial Planning - Multi-year Programme for Infrastructure, Spatial Development and Transport (MIRT) - Vision for Heritage and Spatial Planning - Living Environmental Vision",2911,C,False,2,The text lists general spatial and heritage policies but does not explicitly mention conservation efforts related to climate-driven or environmental threats.
Fisheries management,2138,4,"ce of new species, species spatial distribution and habitat use.

Enabling environment

-   EU Common Fisheries Policy, national laws and regulations, as well as agreements with the fisheries sectors.
-   T rilaterally agreed Framework for Sustainable Fisheries (Annex 3, Tønder Declaration 2014).
-   Existing national and trilateral effective good examples from fisheries and aquaculture management in cooperation with the competent authorities, such as closed areas for fisheries, buying up fishing licences, use of sieve nets, de minimis regulation in crab fisheries, voluntary renunciation of dolly ropes.
-   Certification schemes, such as Marine Stewardship Council (MSC), including a commitment to avoid vulnerable areas as soon as they have been identified.
-   Studies on ecological impacts and projects on best practices, transdisciplinary research, and use of the results in management.",15,A,True,5,"The text explicitly lists the laws, regulations, agreements, and specific management tools used to govern fisheries activities and ensure sustainability."
Fisheries management,2144,4,"d quality, ecosystem function, closed areas, nursery function for juvenile fish, endangered species, historic species and habitats occurrence, food webs) to support the OUV and sustainable management.

6 The TWSC to produce a coordinated approach to con- tribute to reaching the objectives of the EU Biodiversity Strategy for 2030 according to nationally based interpretation of key elements thereof and in line with the Wilhelmshaven Declaration 2022.

7 The TWSC to compile relevant information (gathered by the national competent fisheries authorities) on the most important types of fisheries taking place in the Wadden Sea and potential upcoming types of fisheries, especially shrimp fisheries and blue mussel fisheries (and other forms of fishing with potential negative impacts on the ecosystem or species). This should be complemented by geographic and legislative information on closed areas within the World Heritage Site.",14,A,True,5,"The text explicitly discusses the coordination, information gathering, and regulation of fisheries activities to ensure sustainable management and ecosystem protection."
Fisheries management,2111,4,"ntal Conferences (every four years) are political declarations, in which agreements are made between the governments, which are relevant for all areas of the cooperation, such as management, monitoring, and international cooperation. The declarations are therefore an integral part of the total protection and management scheme of the property to which the governments have committed themselves and are politically binding for the appropriate authorities in the three countries. At the national level, management and monitoring activities are guided by the requirements of the national management systems and relevant EU law.

Figure 7. Phases of the management cycle required for an effective management system (as defined in § 111 of the Operational Guidelines for the implementation of the World Heritage Convention) adapted to the Wadden Sea World Heritage Site by including the elements in each phase. List of trilateral plans, strategies, and action plans to support management.",10,B,False,2,The text discusses general site management and political frameworks but does not specifically mention fisheries or the management of aquatic resources.
Fisheries management,2040,4,"ion of the Wadden Sea onto UNESCO's World Heritage List as a transboundary site, there came the request by the World Heritage Committee to develop a single integrated management plan with the purpose of further facilitating the continuous improvement of transboundary management coordination for the protection and maintenance of the Outstanding Universal Value (OUV).

The SIMP Integrated Management Plan for the ONE Wadden Sea World Heritage provides a clear overarching description of the nature conservation management structures in Denmark, Germany, and the Netherlands as well as at the trilateral level. It also describes the trilaterally applied management phases within a continuous cycle of adaptive management.

In the process of developing the SIMP, five topics were prioritised as of high importance for joint management to maintain the integrity of the Site.",4,B,False,1,The text discusses general transboundary nature conservation management for the Wadden Sea but contains no mention of fisheries or the regulation of fishing activities.
Fisheries management,2139,4,"ment to avoid vulnerable areas as soon as they have been identified.
-   Studies on ecological impacts and projects on best practices, transdisciplinary research, and use of the results in management.

Activities

1 The TWSC to stimulate and facilitate exchange of information, knowledge, best practices, management experience about fields of action which are especially important for their potential impact on the Wadden Sea World Heritage Site; at the same time keeping an overview of other existing groups treating fisheries and aquaculture at the local, national, and regional levels. The outcome of such a thematic exchange may lead to identification and development of, where adequate, pilot studies and specific measures while including the relevant authorities as well as stakeholders such as the fisheries sector, environmental NGOs, and site managers.

Potential subjects for the dialogue process:

- A.",5,B,False,5,"The text explicitly describes the coordination, information exchange, and implementation of management measures involving stakeholders to protect the Wadden Sea fisheries."
Fisheries management,3027,10,"toric Buildings Act and provider of subsidy for conservation. • Executor of Netherlands World Heritage policy. • Reports to UNESCO. • Knowledge institute and consultant for materials and conservation. • Advises site holders in the areas of minor and major modifications, sustainability improvements of listed monuments, assessment of applications for conservation subsidy, etc. • Involved in provincial-level applications for restoration. |

| Public organisation                                                       | Role                                                                                                                                        | Responsibilities                                                                                                                                                                                                                                                                                                |
|-------------------------------",2153,C,False,1,"The text discusses the conservation of historic buildings and monuments, which has no relation to fisheries management."
Framework,1268,2,"to in the 1979 Designation Decree.

The zoning plan for the inner city provides an elaboration of the instruction in the Designation Decree to ensure appropriate protection of the protected cityscape.

The Environment and Planning Act is expected to enter into force as from 2022. Through this Act the government means to simplify, and where possible merge, rules for the physical living environment. The Planetarium will also be well protected within the regime of the Environment and Planning Act, comparable to the current provisions in the zoning plan. More about this below.

Environment and Planning Act

every municipality must have an environmental plan that meets all the legal requirements of the Environment and Planning Act. In the transitional phase, from 2022 until 2029, municipalities will be working towards this. At the start of the transitional phase, the rules as we currently know them will continue to apply in the form of a temporary part of the environmental plan.",76,A,True,2,"The text discusses zoning and planning laws for heritage protection, but lacks any mention of climate adaptation or sustainable development."
Framework,2122,4,"level rise in the Wadden Sea (2005 11  and 2010 12 ), large sea level rise may lead to a signifi- cant reduction in tidal flats and salt marshes as well as in safety of the inhabitants of the region. Furthermore, climate change may severely impact the present distribution and abundance of species. Sufficient freshwater availability during the growing season and as an input into the estuarine areas should not be overlooked. Also, additional climate stressors (like precipitation trend, storm surge, ocean acidification) may have an impact on the OUV.

4.2 Adaptation and Mitigation Agreements

Adaptation measures in the Wadden Sea are guided by the Trilateral Climate Change Adaptation Strategy (CCAS ) 13 , which was adopted by the responsible ministers in awareness of these implications at the 12th Trilateral Governmental Conference on the Protection of the Wadden Sea in T ønder, Denmark in 2014.",28,A,True,5,"The text explicitly mentions the Trilateral Climate Change Adaptation Strategy (CCAS), which is a transnational plan for climate adaptation."
Framework,2171,4,"cies loss.
-   Sea level rise may cause difficulties with inland drainage, namely tide gates are being converted into pumping stations that hinder connectivity between the Wadden Sea and the mainland.

Enabling environment

-   Existing T rilateral Climate Change Adaptation Strategy (CCAS) (Annex 4, Tønder Declaration 2014) with seven basic elements aiming to improved resilience of the Wadden Sea Region to climate change for the benefit of nature conservation and the safety of inhabitants and visitors.
-   Existing permanent expert group which stimulates the implementation of Annex 4, Tønder Declaration 2014 and updates the priorities, supports initiatives for knowledge exchange, studies to assess effects of climate change as well as adaptation measures.
-   Existing knowledge and experience that site managers have in combination with existing good cooperation with the coastal flood defence and protection agencies.",17,B,False,5,"The text explicitly mentions the Trilateral Climate Change Adaptation Strategy (CCAS), which is a transnational plan for climate adaptation."
Framework,2183,4,"or have an influence on, (new) trilateral policies and plans (like the SIMP). Among other these could be:

-   Impacts of climate change (see the Trilateral Climate Change Adaptation Strategy, CCAS).
-   Invasive Alien Species (see the Trilateral Management and Action Plan for Alien Species, MAPAS).
-   T ourism management (Sustainable Tourism Strategy).
-   Other trilateral strategies (such as the Wadden Sea Flyway Initiative) providing input for the TMAP parameters.
-   EU Directives: Habitats Directive (habitat types with unknown status, especially sublittoral); Marine Strategy Framework Directive (Wadden Sea relevant descriptors such as Marine litter and new pollutants); Birds Directive; Water Framework Directive; and Alien Species Regulation.

With input from relevant research and monitoring projects, proposals for new or amended parameters and methodologies will be weighed and coordinated trilaterally.",3,B,False,5,The text explicitly lists multiple transnational (trilateral) policies and plans specifically focused on climate change adaptation and sustainable development.
Framework,3069,10,"6. CLIMATE CHANGE

The National Water Programme 2022-2027 provides an overview of developments within the domain of water and sets out newly developed policy that is climate adaptive and future-ready. In this Programme, adopted on 18 March 2022, the national government describes the main outline of the national water policy and its implementation in national waters and waterways. The Programme includes the government's announcement to conduct a nationwide study to define measures to protect the Netherlands in the future and to develop a strategy for the future fresh water supply.

The Netherlands and water form an inseparable pair. We live with, next to, on and in water. The water domain is facing considerable challenges: the Netherlands needs to adjust to the consequences of climate change. We need to keep working on proper protection against flooding (and water level fluctuations) and on climate-resistant fresh water supplies against increasing drought and rising temperatures.",8,B,False,5,The text explicitly describes a national plan (National Water Programme) focused on climate adaptation and sustainable water management.
Framework,145,0,"ppropriate hospitality, adequate guidance and information. The existing recreational infrastructure, including routes for hiking, horseback riding and cycling is permanently being updated and adapted. Consequently, the anticipated and intended increase of the number of visitors and tourists (including day trippers) is not expected to have any significant negative effects on the OUV. The development of tourism and increase of visitors is and will be monitored. Moreover, Site holders will develop common visions for tourism, education and presentation.

miscellaneous

ICOMOS Charter on the Interpretation and Presentation of Cultural Heritage Sites (ICOMOS 2008)

This Charter builds on the Venice Charter (1964), and emphasises the importance of public communication and education for heritage preservation, and learning about the past and about the phases of development of the site. As regards the interpretation of the value of the site, the involvement of all the stakeholders is encouraged.",2172,C,False,1,"The text discusses tourism management and interpretation charters, not provincial, national, or transnational climate adaptation and sustainable development plans."
Greenery,2276,5,"anal ring area. The trees formed a crucial part of the 'master plan' of the canal ring area. With their regular planting pattern in a straight line along the water, they are part of the canal profile. In the course of the seventeenth century, the widely used linden tree was replaced by the elm, which was more resistant to city life. The benefits of the trees were countless. They provided a pleasant shade and their roots strengthened the quays. The foliage was suitable as fodder, and the wood was used to produce wooden shoes, cart wheels and lock gates. But above all the trees were a jewel for the city.

Gardens behind the canal houses should be a feast for the eyes and help to boost the value of the houses. Therefore, it was laid down in a so-called 'keur' (an urban law) that the plots could only be partially built on. This resulted in the deep 'keur gardens'. These were in part functionally laid out.",317,A,True,5,"The text explicitly discusses trees, foliage, and gardens, which directly align with the definition of greenery."
Greenery,2463,5,"oundwater levels and actively replenish groundwater level where necessary.
- Disconnect rainwater drainage, in combination with expansion of soil infiltration and greening of private and public areas.
- Expand options for green roofs (hidden from street level as much as possible).

Energy and heat transition

The City of Amsterdam has formulated a policy to reduce CO2 emissions by 55% in 2030 and by 95% in 2050 compared to the reference year 1990. The municipality intends to be completely natural gasfree by 2040 and to cause no more CO2 emissions by traffic on Amsterdam roads by 2030. 15

Approximately 52% of the current CO2 emissions comes from homes, 21% from business use and 18% from social buildings. For the homes, the Amsterdam ambition means that all 650.000 residential and other buildings in Amsterdam must be natural gas-free in 2040. One way to achieve this is to connect 110.000 homes to a heating network, for which a new infrastructure will be installed.",1275,A,True,4,The text explicitly mentions 'greening of private and public areas' and 'green roofs' as adaptation strategies.
Greenery,2473,5,"ure. Furthermore, greening of the environment (replacing tiles with greenery in public and private spaces and installing green strips) and greening of private gardens, balconies and roofs is promoted.

For the canal ring area, the climate resistance of the trees is important as part of the design as a whole (SOUV criterion iv). There are also opportunities for improvement of biodiversity in the inner gardens behind the canal houses and for installing nesting houses and swallow boxes under roof tiles. Urban policy for greening and water buffering with façade gardens and allowing walls to overgrow or placing water barrels (particularly at the front of buildings) does not fit in with the historic character of the canal ring area and is contrary to the SOUV (criteria i and iv).

Management measures

- Take into account the historic character of the canal ring area when disconnecting rainwater drainage, in combination with soil infiltration, greening private and public areas (particularly i",2,B,False,5,"The text explicitly discusses the implementation, promotion, and restrictions of greenery and vegetation within a heritage context."
Greenery,1010,1,"e land, (glass) horticulture, bulb-growing or fruit-growing. Superficial soil interventions such as garden work do not require a permit because they do not change or disturb the archaeological values. For component parts not protected as a national archaeological monument, regulations are set out that require permits for all activities that could harm the archaeological values. In the more elevated areas where there are no peat soils, protection through the planning system is sufficient.

| Development pressures   | Ambition: Conservation in situ in the component parts .                                                                                                                                                                  |
|-------------------------|--------------------------------------------------------------------------------------------------------------------------------------------------------------------------------------------------------------------------|
|",17,B,False,2,"The text mentions horticulture and fruit-growing, but the primary focus is on archaeological protection and land-use permits rather than the heritage value of greenery."
Greenery,560,0,"e hierarchy of the traffic system. This hierarchy is laid down in profiles, use of trees and other greenery, choice of materials and colour, in order to allow for comfort, clarity and smooth movement. Provinces and municipalities ensure that after having obtained the UNESCO World Heritage status, the OUV and the quality of the appearance of the Colony landscape (for example avenue planting) are taken into account when reorganising roads.
- -The use of the roads is regularly monitored by the municipalities.
- -The structure of the landscape is laid down in zoning plans as regards the location of the infrastructure, but can be enhanced by giving more careful consideration to its organisation.
- -Structural characteristics like avenue structures and plantings are safeguarded through the landscape policy and the timber regulation.",5,B,False,5,"The text explicitly discusses the use, safeguarding, and planning of trees, greenery, and avenue plantings as key structural characteristics of the heritage landscape."
Greenery,2551,5,"and-standards/157-thevenice-charter
- ICOMOS. (1972, 30 June). Resolutions of the Symposium on the Introduction of Contemporary Architecture into Ancient Groups of Buildings . See: https://www.icomos.org/en/charters-and-otherdoctrinal-texts/180-articles-en-francais/chartes-et-normes/383-resolutions-of-the-symposium-on-theintroduction-of-contemporary-architecture-into-ancient-groups-of-buildings-at-the-3rd-icomos-generalassembly
- ICOMOS (1987). Charter for the conservation of historic towns and urban areas. See: https://www.icomos.org/images/DOCUMENTS/Charters/towns\_e.pdficomos.org
- ICOMOS. (1994). The Nara Document on Authenticity . See: https://whc.unesco.org/archive/nara94.htm
- ICOMOS. (2000, 23-24 October). Riga Charter on Authenticity and Historical Reconstruction in relationship to Cultural heritage . See: https://www.iccrom.org/sites/default/files/publications/2020-05/ convern8\_07\_rigacharter\_ing.pdf
- ICOMOS. (2002, December). International Cultural Tourism Charter.",2239,C,False,1,The text is a list of bibliographic references to heritage charters and contains no mention of greenery or vegetation.
Heritage inclusion,2069,4,"alues in the SIMP. By providing a clear and updated overview of existing nature conservation structures, the SIMP aims to improve understanding of the Wadden Sea World Heritage Site management system.

The SIMP compiles the status and management approaches to managing the key topics affecting the property addressed in a comprehensible and accessible way, which can be easily communicated and used at the operative level. The SIMP links each key topic directly to the OUV, describes the common ground expressed in the Trilateral Wadden Sea Plan (WSP) and other trilateral tools, and shows how each country implements measures.

The SIMP contributes to the definition of feasible and innovative means to further the exchange of management approaches, experience, knowledge, and lessons learned at different levels of management as well as between site managers, partners of the Wadden Sea Area, decision makers, multipliers, and volunteers.",35,A,True,2,"The text discusses management communication and stakeholder exchange, but does not specifically address inclusive decision-making processes for climate adaptation."
Heritage inclusion,3004,10,"the future. The RSU2040 is a vision document, and the successor to the previous Spatial Strategy dating from 2016. The RSU2040 has more attention for greenery, working, mobility, and social services. As a vision document, the RSU does not present a detailed plan but paints a picture of what the city could look like in the future. The vision describes the following principles:

-  Utrecht must remain a city for everyone. A city where everyone can participate, and where houses, public space and social services are accessible for everyone.
- Citizens of Utrecht feel a bond.
-  The whole city is greener and healthier, and there are and will remain peaceful areas within the city.
- Amidst all the developments, the character of the city will be preserved.

Heritage memorandum 'Utrecht Heritage unites people and periods' (Erfgoednota 'Utrechts erfgoed verbindt mensen en tijden') (2022)

Utrecht is committed to creating a healthy urban environment for everyone, while preserving the typical Ut",876,A,True,2,"The text mentions preserving city character and heritage, but does not describe the decision-making process for climate adaptation."
Heritage inclusion,1712,3,"ational interests. In the explanation to the Strategic Structure Agenda, the World Heritage Site and the planned extension with the New Dutch Waterline are referred to as being of national importance.

The Strategic Structure Agenda is elaborated further in the Vision for Heritage and Spatial Planning (Choosing Character). This Vision for Heritage and Spatial Planning establishes the relationship between heritage policy and spatial planning. One of the five priorities is the World Heritage Site: safeguarding coherence and   enhancing the appearance and effect. The Vision for Heritage and Spatial Planning is translated by the provinces into provincial by-laws. In 2012, the Dutch government decided to give legal area protection to areas that have UNESCO World Heritage Site status or that have been nominated for that status.

This area protection is in addition to the protection of individual built structures and urban conservation areas (see below).",11,B,False,1,"The text discusses heritage protection and spatial planning laws, but contains no mention of climate adaptation or inclusive decision-making processes."
Heritage inclusion,2042,4,"Universal Value adopted by the World Heritage Committee. Pending management tasks and activities are suggested for all key topics based upon proposals from site managers, experts, and policy makers'.

The SIMP also presents complementary activities to support management in the Wadden Sea and shows how the Trilateral Wadden Sea Cooperation (TWSC) is addressing the overarching effects of climate change. The SIMP highlights the Wadden Sea World Heritage Site's global role and its link to global responsibilities. Cooperation with partners in the area and globally is instrumental in and supportive of long-term protection of the Wadden Sea.

The SIMP for the Wadden Sea is a political agreement within the Trilateral Wadden Sea Cooperation (TWSC), meaning it is a legally non-binding document of common political interest. Existing policy documents and legally binding instruments at the trilateral, regional, national, and local level are not altered or affected by the SIMP.",13,B,False,3,"The text mentions incorporating proposals from site managers and experts into climate-related management, which relates to inclusive decision-making, though it doesn't explicitly focus on social inclusion."
Heritage inclusion,1794,3,"e desired situation as regards spatial planning for the area of operation of this pact is laid down in the Implementation Plan 'Effective Implementation 2011-2020' [ Doelgericht Uitvoeren 2011-2020 ]. In 2018, work started on drawing up a new implementation programme for 2019 to 2022. With an approach based on area development, a substantial part of the physical and spatial planning task in the southern part of the New Dutch Waterline has been completed.

Heritage Framework 2016-2020 'Imaginative Power of Heritage'

'Heritage does not stand alone, but is a valuable part of our living environment.' This first sentence of the policy framework 'Imaginative Power of Heritage' [ Verbeeldingskracht van erfgoed ] underlines the importance of heritage for the society of NoordBrabant. For Noord-Brabant this is based on the power of heritage as a stimulator of imagination, but also as a binding force in our society.",8,B,False,2,"The text mentions heritage policy and spatial planning, but does not specifically address inclusive decision-making processes within climate adaptation plans."
Heritage inclusion,1151,1,------------------------------------------------------------------|-----------------|-----------------------------------------------------------------------------------------------------------------------------------------------------------------------------------------------------------------------------|-----------------------------------------------------|--------------------------------------------------------------------------------------------------------------------------------|-------------------------------------------------------------------------------------------------------------------------------------------------------------------------------------------|------------------------------------------------------------------------------------------------------------------------------|-------------------------------------------------------------------------------------------------------------------------------|-----------------------------|-------------------------------------,2911,C,False,1,"The text chunk contains no linguistic content, only formatting characters."
Human activities,2148,4,"Damage to the environment caused by infrastructure for tourism in the Wadden Sea World Heritage Site and adjacent region.
-   Disturbance caused by future trends in recreational activities and sports.
-   Pressure on the ecosystem due to future growth in the number of guests and/or associated spatial demand.

Enabling environment

-   Existing trilateral Sustainable T ourism Strategy (Annex 1, T ønder Declaration 2014) and action plan, as the tool for implementing the Strategy at the trilateral level, developed by the TWSC together with stakeholders and environmental NGOs.
-   The trilateral network group, including stakeholders and environmental NGOs has collaborated on the implementation of the Strategy for several years and coordinates the regular action plan update.
-   T ourism partners in the three countries supporting environmental education and awareness raising in relation to the Wadden Sea.
- Sharing existing national experience and best practices.",29,A,True,4,The text explicitly describes anthropogenic pressures and infrastructure development that exacerbate environmental damage within a heritage site.
Human activities,2162,4,"Disturbance of natural migratory routes as well as mainland areas for breeding, resting, and migratory birds, marine mammals, as well as increased risk of collisions with animals due to power stations construction near the Wadden Sea World Heritage Site and ongoing operations, including the risk of accidents causing the release of harmful substances.
-   Future steep increase in number and density of power stations and transmission infrastructure, including increased maintenance and supply traffic to meet the raising energy transition targets will exacerbate risks (e.g., disturbance, habitat loss, collisions, noise) within the Wadden Sea World Heritage Site and in adjacent areas.
-   Ground surface subsidence caused by gas exploitation and salt mining may affect habitats and species and, in the future, its effects could be exacerbated by sea level rise.",13,A,True,4,"The text describes anthropogenic activities (power station construction, gas exploitation, and salt mining) that directly cause environmental degradation and exacerbate climate-related risks like sea level rise."
Human activities,2125,4,"These might have significant influence on the OUV as they will most likely lead to an increase in activities for coastal flood defence and protection, such as dyke strengthening and sand nourishment.

Limited responses for adaptation are currently known and ready to implement to adapt to increasing air and water temperatures or extreme temperature events; thus, improved knowledge is needed to develop additional management options.

Local and global climate mitigation measures are imperative for combating climate change impacts; for example, CO 2 reduction as outlined in the Paris Agreement on Climate Change of 2016 and specified in EU CO 2 reduction targets. Mitigation measures in the Wadden Sea aim at developing the Wadden Sea Region into a CO 2 neutral area, as already stated in the Sylt Declaration already in 2010.",8,B,False,4,The text explicitly discusses CO2 emissions and the necessity of mitigation measures to combat climate change.
Human activities,2966,10,"| Climate change                                                                        |  22 |                                                                                                   |      |
| 5.7.                                                                                  | Natural disasters                                                                     |  22 |                                                                                                   |      |
| 5.8.                                                                                  | Tourism developments                                                                  |  23 |                                                                                                   |      |
| 5.9.",10,B,False,4,Tourism developments are a form of human activity that often contributes to GHG emissions and environmental degradation.
Human activities,2121,4,"fied by applying the Climate Vulnerability Index (CVI) rapid assessment method: 1) temperature trend (air and/ or water); 2) extreme temperature events; and 3) sea level rise (see the CVI report 10 ). In a 'business as usual' scenario, representing the most probable outcome of current greenhouse gas emissions policies worldwide, the OUV vulnerability was assessed as high, meaning there is potential for major loss or substantial alteration of the majority of the key values that convey the OUV. Enhanced sea level rise may seriously affect structure, functions, and the characteristic biodiversity of the Wadden Sea ecosystem. As substantiated in trilateral reports of the former working group on coastal protection and sea level rise in the Wadden Sea (2005 11  and 2010 12 ), large sea level rise may lead to a signifi- cant reduction in tidal flats and salt marshes as well as in safety of the inhabitants of the region.",3,B,False,3,"The text mentions greenhouse gas emissions policies as a driver of the 'business as usual' scenario, though the focus is primarily on the resulting climate impacts."
Human activities,45,0,"the State Party or State Parties, and that the State Parties (the Focal Points) communicate directly with the steering group and Site holders and/or when necessary with the steering group at the IGC. The Site holders deal with the issue and report back and will (if necessary) transmit the issue to the IGC for a decision.

The Site holders will develop common visions for tourism, education and presentation, as well as the alignment as regards management and maintenance of the heritage (restoration and re-use) and a common method to anticipate spatial and functional developments. Dissemination of the importance of the OUV of the Colonies is required in cooperation with all the Colonies, including those that are not part of the proposed property. The three bi-state visions will be drawn up in jointly with Colony managers, stakeholders and residents, and the Advisory Committee for Science, Education and Quality will be asked for advice concerning the visions.",1940,C,False,1,"The text discusses administrative governance, management visions, and stakeholder cooperation, with no mention of greenhouse gas emissions or anthropogenic climate drivers."
Knowledge transfer,2626,7,"sed to be an island. We aim to protect the visible reminders of its shape and size. We do this by keeping the island and its surroundings open and ensuring clearly visible vegetation on the outskirts. We tell the story of Schokland through its landscape, for example in the form of recognisable terps on the island and historic-

styled agriculture.

Our regular management ensures the conservation of nature on Schokland. We will assess what else we can do to further enhance those ecological values throughout the World Heritage site.

Around 200 hectares of new nature are planned south of Schokland. It concerns grasslands where meadow birds and other animals have their habitat and nature-friendly fields. This new nature area will protect the archaeological values in the soil of our World Heritage site. We expect the New Nature project to be completed within the term of

this management plan.

Schokland's nature is there also to be experienced.",1988,A,True,1,"The text focuses on landscape conservation, nature management, and site protection, with no mention of sharing skills, cultural competencies, or knowledge transfer."
Knowledge transfer,2135,4,"l standards.

Common to all five key topics' activities are:

-   trilateral exchange of knowledge and best practices for the benefit of nature conservation management;
-   raising awareness/advocacy.

These have been major elements of the TWSC for decades and continue to be important. Trilateral knowledge exchange contributes to bringing trilateral experience together to build common approaches and, thus, to strengthen the Cooperation's joint arguments for nature conservation. Exchange of best practices at the trilateral level helps speedy identification of the most beneficial practices for nature conservation. Consequent and consistent awareness raising and advocacy can influence activities and behaviours in favour of maintaining the Wadden Sea's OUV. Trilateral knowledge exchange and advocacy activities need to be continuously improved to adapt to thematic as well as technological and societal changes.

5.",87,A,True,5,"The text explicitly describes the trilateral exchange of knowledge and best practices to build common approaches and adapt to changes, directly aligning with the definition of knowledge transfer."
Knowledge transfer,979,1,"nal  officers  from  the  three  provinces  and  the  Cultural  Heritage Agency. This team meets four times a year. The programme team is the link between the coordination unit and the Steering Group. The members of the core Programme Team ensure alignment with other disciplines within their own organisations and the respective Provincial Executive. They advise the Steering Group on the decision-making process, through the Management Group. The provincial members of the Programme Team are also the first point of contact for relevant partners from their own province. Within the provinces, networks have already been established that serve as a marketplace for bottom-up initiatives. The intention is to continue these networks and resources have been set aside for this purpose.

The Programme Team + comprises  the  core  Programme  Team  supplemented  by  officers  representing  the relevant municipalities.",14,B,False,3,"The text describes organizational structures and networks for coordination and communication, which facilitate the mechanisms for knowledge transfer, though it doesn't explicitly detail the sharing of skills or competencies."
Knowledge transfer,2198,4,"ommunity, and the Wadden Sea Board chair representing the TWSC) were the first signatories of the Memorandum of Understanding sealing a mutual commitment to enhance the Wadden Sea World Heritage Site.

The management and organisation of the T rilateral Partnership is supported by the Trilateral Partnership Hub. The Partnership Hub facilitates the strategic partners collaboration in effective and trusting relationships, while sharing information, knowledge, and experience.

The Partnership Hub is intended to initiate and help with the planning of specific trilateral projects, common actions, and assist with applications for funding.

Challenges and Outlook

The Partnership Hub aims to broader engagement for the Wadden Sea World Heritage Site beyond the governmental sector and to unlock potential and resources for delivering the goals and intended activities of the Trilateral Partnership, as described in the Memorandum of Understanding.",10,B,False,4,"The text explicitly describes the Partnership Hub's role in sharing information, knowledge, and experience to facilitate collaboration among strategic partners."
Knowledge transfer,589,0,"ble values of the past can be used as ambassadors for making the OUVs future-proof, also in relation to the three Colonies - Willemsoord, Ommerschans and Merksplas - not included in the nomination, which cannot (yet) meet the requirements of the OUV.

One of the essential parts of the chair's research will focus on the values which people deem of such importance within their living environment that they are prepared to accept responsibility and ownership for the actions required for an optimally functioning 'cultural ecosystem'. What makes people want to take action to collectively shape their own living environment in a sustainable way using its heritage as guideline as well as to propagate and perpetuate the value of all seven Colonies. The actions, linked to the focus areas, can be established or addressed within a so-called Living Lab.",17,B,False,4,"The text describes the propagation and perpetuation of values and the use of a 'Living Lab' to collectively shape environments, which aligns with the intentional sharing and application of knowledge."
Knowledge transfer,1517,3,"-Holland. The Defence Line of Amsterdam and the New Dutch Waterline overlap in the Province of NoordHolland and the Province of Utrecht.

The New Dutch Waterline was constructed between 1815 and 1940. In 1874, the decision was taken to add the Defence Line of Amsterdam to the main defences to encircle the capital. The Defence Line of Amsterdam was constructed between about 1880 and 1920. The construction of the Dutch Water Defence Lines is one of the largest infrastructure projects ever executed in the Netherlands. The ingenious hydrological military systems of the two lines of defence overlap seamlessly. The Defence Line of Amsterdam and the New Dutch Waterline use the same water management system to some extent, and parts of the New Dutch Waterline were adapted to accommodate the Defence Line of Amsterdam.

Characteristic of the whole heritage site is that the defence line forms a single line that protects the economic and political heart of the Netherlands.",2779,C,False,1,"The text describes physical infrastructure and historical construction timelines, with no mention of sharing skills, cultural competencies, or inclusive practices."
Landscape dynamics,271,0,"e or villagescape.

In Flanders, owners and managers are obliged to keep the landscape in a protected cultural heritage landscape in a proper state, by carrying out maintenance and preservation tasks.

In both countries, the representative buildings enjoy monument status and these components are protected in the landscape structure. Since 2000, large-scale restorations of landscape structures and buildings have been taking place.

In case of unexpected large-scale developments occurring that might affect the OUV, an HIA is to be carried out in this respect. The outcomes of the HIA will be taken into account in decisions about the location and implementation of the development.

5.1.4 Protection nature values

In the Dutch component parts, sections of the property and areas in the setting belong to the National Ecological Network, which ensures the protection of the nature values.",12,B,False,2,"The text focuses on legal protection, maintenance, and impact assessments rather than the temporal changes in structure and function of the landscape."
Landscape dynamics,152,0,"therlands is currently focused mostly on spatial functions (zoning) and the main structures of the landscape (roads and waterways), while heritage policies are more particularly oriented towards the preservation, the protection and the restoration of the built objects, archaeological sites and valuable areas. The nature conservation policy can have a significant protective impact on ecological values as well as on the landscape component. The Environment &amp; Planning Act, which will replace the Spatial Planning Act and a large number of related laws, provides opportunities for a more integrated protection.

In the Flemish decrees regarding the designation as protected landscape, spatial structures as well as heritage values and consistency are safeguarded. The designation also affects the spatial implementation plans of provinces and municipalities. In Flanders, the protection of immovable heritage applies to the monuments, the archaeological sites and the landscape.",6,B,False,2,"The text discusses the legal and policy frameworks for protecting landscapes and heritage, but does not address the temporal changes or dynamics of the landscape."
Landscape dynamics,34,0,"|   265 |
| 9.5.1.4   | Protection nature values                                    |   266 |
| 9.5.1.5   | Rehabilitation of landscape, nature and buildings           |   266 |
| 9.5.2     | State of Conservation                                       |   267 |
| 9.5.2.1   | Long-term strategy                                          |   267 |
| 9.5.2.2   | Management tasks preservation and management                |   267 |
| 9.5.3     | Factors affecting Component partC                           |   269 |
|           | Veenhuizen                                                  |   269 |
| 9.5.3.2   | Climate change and environmental impact                     |   272 |
| 9.5.3.3   | Natural disasters, calamities and risk preparedness         |   272 |
| 9.5.3.4   | Impact of recreation and tourism and/or visitors Veenhuizen |   273 |
| 9.5.4     | Sources of Financing                                        |   273 |
| 9.5.",20,B,False,4,"The text explicitly lists climate change, environmental impact, and rehabilitation of landscapes as factors affecting the site, which directly relate to the drivers of landscape dynamics."
Landscape dynamics,1474,2,"William I. From 1859 by the municipality of Franeker (later the municipality of Franekeradeel, and from 2018 the municipality of Waadhoeke) with the transfer of ownership from the national government. For almost 200 years, public authorities have been responsible for the preservation of all the components of the Planetarium. As a result, all the attributes as the basis for the OUV of the property are under the management of public authorities and as such are continuously monitored.

The municipality of Waadhoeke, as the owner since 2001, has delegated the implementation of maintenance and management to the Royal Eise Eisinga Planetarium Foundation. The board of the foundation charges the director of the Planetarium with the daily and periodic management of a group of experts consisting of a permanent core of a clockmaker, a restoration painter and an artisan woodworker, hereinafter referred to as the Planetarium Maintenance Expert Team.",2191,C,False,1,"The text focuses on administrative ownership and maintenance management of a building, not on temporal changes in landscape structure or function."
Legislation,1271,2,"nment and Planning Act requires that the municipality must take due account of the importance of the preservation of cultural heritage and the preservation of the Outstanding Universal Value of World Heritage. Article 2.28 of the Environment and Planning Act states that mandatory instruction rules apply to the environmental plan. These instruction rules are included in articles 5.130 and 5.131 of the Decree on the quality of the living environment. The latter article is especially imperative. It literally states that in the environmental plan the importance of the preservation of the Outstanding Universal Value of World Heritage should be taken into account. Loosely translated, this means that after the Planetarium has been designated as a World Heritage Site, the environmental plan should be adapted to do justice to the designation and the associated protection of this World Heritage Site.",177,A,True,5,The text explicitly discusses national legislation (Environment and Planning Act) and specific legal articles regarding the protection of World Heritage.
Legislation,2042,4,"Universal Value adopted by the World Heritage Committee. Pending management tasks and activities are suggested for all key topics based upon proposals from site managers, experts, and policy makers'.

The SIMP also presents complementary activities to support management in the Wadden Sea and shows how the Trilateral Wadden Sea Cooperation (TWSC) is addressing the overarching effects of climate change. The SIMP highlights the Wadden Sea World Heritage Site's global role and its link to global responsibilities. Cooperation with partners in the area and globally is instrumental in and supportive of long-term protection of the Wadden Sea.

The SIMP for the Wadden Sea is a political agreement within the Trilateral Wadden Sea Cooperation (TWSC), meaning it is a legally non-binding document of common political interest. Existing policy documents and legally binding instruments at the trilateral, regional, national, and local level are not altered or affected by the SIMP.",295,A,True,4,"The text explicitly discusses the legal status of the SIMP and references the existence of legally binding instruments at trilateral, national, and local levels."
Legislation,1708,3,"ng Decree - Spatial Planning (General Rules) Decree - Heritage Act 2016 - Environmental Permitting (General Provisions) Act (WABO) - National Incorporation Plans - Environment and Planning Act (2019) - Heritage Impact Assessment | - Provincial By-law on Spatial Planning - By-Law governing Monuments and Historic Buildings - Environmental Impact Assessment (EIA) - Provincial Incorporation Plans - Heritage Impact Assessment - Rule-making authority                                                                         | - Zoning plan - Municipal regulation including By-Law governing Monuments and Historic Buildings - Environmental permit - Heritage Impact Assessment                             |

Spatial Planning Act [ Wet Ruimtelijke Ordening ]. The Act stipulates that for good spatial planning, a use or 'purpose' must be assigned to the areas of land in the zoning plan. Municipalities are obliged to have up-to-date zoning plans for their entire area.",3,B,False,5,"The text explicitly lists numerous national and provincial laws, acts, and decrees specifically concerning heritage protection, spatial planning, and environmental permitting."
Legislation,2302,5,"y                              | 2005              | National Government |
| United Nations               | Sustainable Development Goals                                                            | 2016              | www.un.org          |

4.2 National policies, laws and regulations

4.2.1 General functioning of the regulatory system

It is intended in the Netherlands to combine 26 laws and other regulations relating to spatial planning and the physical living environment in one law: the Environment and Planning Act. The Environment and Planning Act aims to provide clarification and efficiency. A coherent approach should lead to a good and sustainable physical living environment. The new law will also further safeguard the protection of heritage, monuments, archaeology and water. Existing qualities, such as heritage values and nature values, are associated with the quality of the living environment.",6,B,False,5,"The text explicitly discusses the Environment and Planning Act, a national law integrating spatial planning, sustainable development, and heritage protection."
Legislation,2307,5,").
- Ensure that the SOUV is safeguarded and that the designation of the nationally protected cityscape is reflected in the instruments of the Water Authority, such as the water management plan.

4.2.2 Spatial Planning Act and implementation of Environment and Planning Act

The Environment and Planning Act introduces changes to the current system for spatial planning, heritage and water, i.e. the protection of the physical living environment. With the Environment and Planning Act, the Netherlands aims to bundle dozens of laws and hundreds of regulations with regard to space, housing, infrastructure, the environment, nature and water, and in that way to arrive at a new integrated environmental law. Under the new law, the Dutch system is and will remain decentralised, with each governing authority bearing its own responsibility. The way in which protection is regulated by law is changing in parts.",8,B,False,5,"The text explicitly discusses national legislation, specifically the Environment and Planning Act, and its role in regulating spatial planning, heritage, and nature protection."
Legislation,2415,5,"hree options for refurbishment:

- Option A: the least drastic option, in which the current layout is maintained with room for pedestrians along the façades and elimination of parking along the quays.
- Option B: more drastic, with a widening of the zone along the canal to provide more room for trees and pedestrians.
- Option C: the most drastic option, with larger trees than in option B, placed more towards the centre of the pavement. This will have consequences for the layout of the substrate due to the required root space for the trees.

The document states that these options can serve as inspiration for the plans for the redevelopment of (parts of) the canals. The impact of the most far-reaching option C in relation to SOUV criterion iv is not clear, nor how this option relates to the original historical layout of the quays, which - despite parking on the quays - has been largely preserved.",1799,C,False,1,"The text discusses urban design options and heritage criteria, but contains no mention of legal provisions, laws, or legislation."
Limited heritage inclusion,2452,5,"bly controllable pumps to drain the water to the sea. The Water Authority Amstel, Gooi and Vecht also aims to improve the flow in the canals of Amsterdam, for example when bridges are being renovated. The adjustments may affect the requirements for the protection of the heritage, but will mainly take place under water and will not affect the shape and appearance of the canals.

A subject in the Amsterdam Environmental Vision 2050 is research to be conducted into the re-excavation of canals filled in the past. This is linked to making the inner city more climate-proof, in combination with efforts to make it low-traffic, and might also strengthen the SOUV of the World Heritage Site.

10 See High Water in the Storage Basin Special Control Plan pages 7 - 13.

11   Storage Basin Plan Water Authority Amstel, Gooi and Vecht 2.0, 2022.",1556,A,True,1,"The text describes heritage considerations being integrated into water management and urban planning, which contradicts the concept of limited heritage inclusion."
Limited heritage inclusion,3002,10,"nt. This should for instance make it easier to launch building projects. The Crisis and Recovery Act ( Crisis en herstelwet, Chw ) already makes this possible, for example by adjusting existing rules. The state's Cultural Heritage Agency is expected to issue a guideline for heritage and environmental law in the summer of 2022. The Environment and Planning Act will come into force on 1 January 2024. World heritage will thereby be embedded in law for the first time.

Provincial policy

Environmental Vision (Omgevingsvisie) of the Province of Utrecht (2021)

The provincial environmental vision does not specifically address the Rietveld Schröder House. The Environmental Vision consists of 3 parts:

-  The course: the dot on the horizon, defining the longer term.
-  Thematic policy: the policy regarding a certain issue, such as greenery or parking. This type of policy applies throughout the province.
- Area policy: policy that only applies for a specific area.",484,A,True,4,"The text explicitly notes that the provincial environmental vision does not specifically address a key heritage site, indicating a lack of heritage-inclusive planning."
Limited heritage inclusion,1794,3,"e desired situation as regards spatial planning for the area of operation of this pact is laid down in the Implementation Plan 'Effective Implementation 2011-2020' [ Doelgericht Uitvoeren 2011-2020 ]. In 2018, work started on drawing up a new implementation programme for 2019 to 2022. With an approach based on area development, a substantial part of the physical and spatial planning task in the southern part of the New Dutch Waterline has been completed.

Heritage Framework 2016-2020 'Imaginative Power of Heritage'

'Heritage does not stand alone, but is a valuable part of our living environment.' This first sentence of the policy framework 'Imaginative Power of Heritage' [ Verbeeldingskracht van erfgoed ] underlines the importance of heritage for the society of NoordBrabant. For Noord-Brabant this is based on the power of heritage as a stimulator of imagination, but also as a binding force in our society.",9,B,False,1,The text describes general heritage policy and spatial planning but contains no mention of climate adaptation or a lack of heritage inclusion in such plans.
Limited heritage inclusion,1712,3,"ational interests. In the explanation to the Strategic Structure Agenda, the World Heritage Site and the planned extension with the New Dutch Waterline are referred to as being of national importance.

The Strategic Structure Agenda is elaborated further in the Vision for Heritage and Spatial Planning (Choosing Character). This Vision for Heritage and Spatial Planning establishes the relationship between heritage policy and spatial planning. One of the five priorities is the World Heritage Site: safeguarding coherence and   enhancing the appearance and effect. The Vision for Heritage and Spatial Planning is translated by the provinces into provincial by-laws. In 2012, the Dutch government decided to give legal area protection to areas that have UNESCO World Heritage Site status or that have been nominated for that status.

This area protection is in addition to the protection of individual built structures and urban conservation areas (see below).",18,B,False,1,The text describes heritage protection and planning frameworks but contains no mention of climate adaptation or a lack of heritage inclusion in such plans.
Limited heritage inclusion,2047,4,"munication of World Heritage values and climate change effects in relation to economic, social, and cultural values is essential as are trilateral knowledge exchange and interdisciplinary discussions.
-   The SIMP key topics are related to human activities relying on ecosystem services and taking place inside of and adjacent to the World Heritage Site. The five key topics are: 1) Fisheries; 2) Tourism; 3) Shipping and Ports; 4) Renewable Energy and Energy from Oil and Gas; and, 5) Coastal Flood Defence and Protection.
-   Whilst the protection of the OUV and limiting potential impacts is guaranteed by European and/or national regulations and agreements, the SIMP defines where the trilateral approach is of added value.
-   The Statement of Outstanding Universal Value as adopted by the World Heritage Committee in 2014, notes that these topics may pose threats, to the integrity of the Wadden Sea World Heritage Site and therefore require continuous attention.",8,B,False,1,"The text describes a framework for protecting heritage values and managing threats, rather than demonstrating a lack of heritage-inclusive decision-making."
Limited heritage inclusion,1423,2,"| Ongoing &#124; BKEEP c.s.                                                                                                                                                                                                                                    |
| 4c - Media                                   | 4c1 - Active media approach                                                                                                                                                                                                                                                                                                                                                          | Ong",2867,C,False,1,The text chunk contains fragmented administrative data and media approach labels with no mention of heritage or climate adaptation decision-making.
Management variation,2071,4,"nd plans.

Finally, in the framework of the SIMP, the TWSC (including site managers) agree on aspects where trilateral cooperation can contribute towards their tasks of protecting the OUV (see Ch. 5). The SIMP acknowledges existing differences in the legal responsibilities and competences of site managers in the three countries.

1.7 Review of the SIMP

The SIMP will be revised regularly by the Wadden Sea Board (WSB). Given the nature of the SIMP, progress reports in due time before the Trilateral Governmental Conferences and a review cycle of 10-12 years are foreseen. The regular reports will highlight progress made done trilaterally and by each country in implementing SIMP activities. The 10-12 year review presents the opportunity to adapt the SIMP to the management requirements of the TWSC, including selection of key topics, with the support and participation of all parties involved in implementing the plan.",452,A,True,4,"The text explicitly acknowledges existing differences in legal responsibilities and competences among site managers across three countries, directly aligning with the definition of management variation."
Management variation,2065,4,"ed in an iterative and participative process involving nature conservation institutions at different levels and considering the Wadden Sea's site managers' recommendations, the prioritisation by Task Group World Heritage, and the selection criteria of urgency, direct effect on the OUV and need to address at the trilateral level submitted in the Leeuwarden Declaration (2018).

Additionally, the Statement of OUV notes that these topics may pose key threats to the integrityof the Wadden Sea World Heritage Site and therefore need permanent attention. At the same time, if practices in the key topics evolve towards more sustainability this can support the area's conservation. Furthermore, these topics are challenging since the work of the TWSC on these topics has to actively engage the competent authorities and integrate the range of competences of site managers in those key topics. Addressing these at a trilateral level leverages the existing opportunities.",68,A,True,4,The text explicitly discusses the challenge of integrating a range of competences across different site managers and authorities to address threats to a shared trilateral system.
Management variation,2225,5,"|  23 |
| 3 Location, buffer zone and ownership                                   |  25 |
| 3.1 Location                                                            |  25 |
| 3.2 Boundaries and buffer zone                                          |  26 |
| 3.3 Ownership                                                           |  26 |
| 4 Safeguarding in legal and policy frameworks                           |  28 |
| 4.1 International treaties, conventions and charters                    |  28 |
| 4.2 National policies, laws and regulations                             |  29 |
| 4.3 Municipal implementation of national policies, laws and regulations |  32 |
| 5 Organisation management canal ring area                               |  38 |
| 5.1 Administrative management                                           |  38 |
| 5.2 Siteholder and site manager                                         |  39 |
| 5.",8,B,False,4,"The text outlines ownership, legal frameworks across international, national, and municipal levels, and administrative management, all of which are core components of management variation."
Management variation,55,0,"d to management measures in order to effectively anticipate them and to intervene whenever necessary, thus preventing adverse effects on the OUV, the heritage and the spatial quality in a broad sense. Most management measures have already been incorporated in existing policies of municipalities, provinces, regions or the State, and are included in the management as implemented by them or by appointed agencies, water managers, project managers and owners. The Colony management and the site managers monitor the trends and identify relevant events. These developments are monitored and discussed in consultations between governments, stakeholders and landowners. The Site holders will develop a common vision on the way to anticipate spatial and functional developments.

dealing with climate change, environmental impact and calamities

Climate change is not yet experienced as a decisive factor on a local/regional level.",2,B,False,4,"The text explicitly describes a fragmented management structure involving multiple levels of government, agencies, and owners, which aligns with the concept of jurisdictional and management variation."
Management variation,255,0,"s not conform to higher-level policy. However, such instruments (suspension, designation) are rarely used in practice, since the process of coordination and consensus prevails between the governments. In order to reinforce the consensus model, the Site holders can decide to use positive instruments to help parties in resolving disputes, for example by initiating or carrying out research, by seeking expert advice or through the use of additional resources. The Advisory Committee for Science, Education and Quality, or its members with specific expertise, can be called in as advisory body, also through the site manager by the Colony managers. A further option is to resort to mediation. Only as an ultimate and best avoided remedy, controlling and corrective instruments may be employed, or referring the issue to the steering group and/or IGC.",11,B,False,4,"The text describes the mechanisms used to resolve disputes and coordinate between different site and colony managers, directly addressing the management of jurisdictional and approach variations."
Management variation,859,1,"frontiers around the Mediterranean Region'.

In 2017, a thematic study was presented to the World Heritage Committee, developed and adopted by the joint partners of the Frontiers of the Roman Empire . This study provided an overview of the remains of the frontiers of the Roman Empire, extending across the continents of Africa, Asia and Europe (fig. 1). In the thematic study, five different frontier types were distinguished across the Frontiers of the Roman Empire as a whole, each type displaying clear differences in the densities, disposition, type and size of military installations, reflecting variations in climatic and geographical conditions, habitation and land use, external threats and political interests. These five groups are:

- the	desert	frontiers	of	the	Roman	provinces	of	Africa,	Egypt,	Arabia	and	southern	Syria;
- the	frontiers	of	northern	Syria	and	Cappadocia	(Turkey),	constituting	the	frontier	with	the	powerful	Parthian	Empire	in	the	East;
- the	frontiers	along	the	Europe",2285,C,False,1,"The text describes archaeological and geographical variations in frontier types, not differences in legal responsibilities or management approaches."
Maritime management,2051,4,"ivities are intended be performed by the TWSC bodies in collaboration with relevant institutions and stakeholders to continue to improve awareness, to enhance the nature conservation aspect in sustainable tourism by adding the expertise of site managers, and to strengthen initiatives for cross-border cooperation for fostering nature conservation by, inter alia, addressing gaps in knowledge regarding tourism impacts on the OUV.
-   In the key topic of shipping and ports, the objective is to further improve shipping safety, building on the comparatively high status

of prevention of accidents, preparedness, and emergency response, and to foster nature friendly and climate-neutral operations. The activities should be performed by the TWSC bodies in collaboration with relevant institutions and stakeholders to discuss the further implementation of the Operational Plans for the Wadden Sea Particularly Sensitive Sea Area (PSSA) (Annex 5, Tønder Declaration 2014); they should also continue to",3,A,True,4,"The text explicitly addresses shipping and port operations, focusing on safety, climate-neutral operations, and the implementation of operational plans."
Maritime management,2153,4,"tion initiatives.
- H. Strengthening and expanding communication and collaboration with the authorities, agencies, and small and medium sized enterprises (SME) responsible for tourist activities.
- I. Strengthening interdisciplinary dialogue and research between natural and social sciences about values in nature conservation, protected area management, and sustainable development.

5.3 Key Topic Shipping and Ports

Objective

Further improve shipping safety, building on the comparatively high status of prevention of accidents, preparedness, and emergency response, and foster nature friendly and climate-neutral operations, including the maintenance of ports with reduced pressures on the environment, and enhance awareness, education, and cooperation in a collaborative approach at the trilateral level.

Main risks

- Ship accidents resulting in the release of pollutants.",2,A,True,4,"The text explicitly addresses shipping safety, port maintenance, and vessel operations, which align directly with the definition of maritime management."
Maritime management,2156,4,"with the Wadden Sea Forum, relevant authorities, environmental NGOs, and other partners, to facilitate trilateral dialogue regarding climate- and nature-friendly shipping in the trilateral Wadden Sea.

Activities

1 The TWSC in cooperation with the competent national authorities, to discuss further implementation of Operational Plans for the Wadden Sea PSSA (Annex 5, Tønder Declaration 2014), including issues proposed by site managers, environmental NGOs and municipalities, and an assessment of the response capacity to shipping accidents in each country.

2 The TWSC to stimulate and facilitate trilateral exchange and dialogue between site managers and involving experts, institutions and industry working on for example bullet points A. to G. (below) with direct impact on the Wadden Sea World Heritage Site and its key values, this should take into consideration other ongoing initiatives and groups at the national and regional levels (e.g.",9,B,False,5,"The text explicitly discusses the strategic coordination of shipping, port-related operational plans, and vessel accident response within a maritime heritage site."
Maritime management,2186,4,"t in 1987, the CWSS has developed into a trilateral 'knowledge management hub', providing access to data, publications and reports relevant for trilateral policy, management, research, and monitoring.

The annual Wadden Sea Day, dealing with management and research topics, supports exchange between site managers and provides the most recent knowledge across the three countries.

Trilateral working groups at expert and manager levels meet regularly to compile, assess, and provide recommendations for the three governments.

They connect local and national management with trilateral management and policies.

At an international level, an ongoing exchange of knowledge and experience is carried out with site managers from other Marine World Heritage Sites or mud-flat ecosystems sites to enhance understanding of natural systems and how to manage them.",13,B,False,1,"The text focuses on environmental and ecological management of a World Heritage site, not the industrial shipping and logistics defined by the label."
Maritime management,2154,4,"essures on the environment, and enhance awareness, education, and cooperation in a collaborative approach at the trilateral level.

Main risks

- Ship accidents resulting in the release of pollutants.
-   Pollution from ongoing shipping operations, including gas emissions, discharge of scrubber washwater, the use of dispersants in emergency response operations, and the introduction of alien species, especially by ballast water and biofouling.
-   Disturbance due to underwater noise from ships and physical impacts from collisions with marine mammals and displacement due to visual disturbance.
-   Interference with natural dynamic processes, for example due to dredging and disposal of sediment or by port expansion.
-   Disturbance, accidents (collisions) and other negative impacts due to marine traffic, including water sports.

Enabling environment

-   The Wadden Sea is a Particularly Sensitive Sea Area (PSSA).",20,B,False,4,"The text details operational risks and environmental impacts directly related to shipping, port expansion, and marine traffic management."
Maritime management,1201,2,"nutes, but it can also be an hour and a half! In order to reproduce this, Eisinga used eccentric cogwheels.

08 · The two small clocks next to the closet-bed provide information about the lunar orbit. Because the lunar orbit around the earth is elliptical, the distance from the moon to the earth is not always the same. The point where the distance is greatest is called the farthest point (VP). This point is reached when the hands of the clock indicating 'distance of the moon from the farthest point' are both at zero. That is when the distance between the earth and the moon is at its greatest. If the large hand is at zero and the small one at six, the moon is at the nearest point (NP). The moon is then nearest to the earth.

09 · Above the closet-bed is the 'square of heaven or planisphere'. Because the earth rotates on its axis in 24 hours, the sun and the stars appear to move from east to west.",2806,C,False,1,"The text describes astronomical clocks and lunar orbits, which have no relation to the strategic administration of the maritime industry."
Monitoring,2685,8,"so changes and challenges in the future. Although the impact of climate change is not yet visible, monitoring the situation will allow these changes to be signalled and identified as fast as possible.

Because Kinderdijk is closely connected with the hydraulic water system, water management monitors the state of the hydraulic engineering and examines which long term risks could occur over the next 50 years. In 2017 it was found that due to climate change Kinderdijk could not be the only area in the Alblasserwaard which could drain the excess water into the river. Taking preventative measures, such has combining pumping stations, has been anticipated.

Another risk of a sudden change is the collapse in the international market. Kinderdijk is not only financially dependent upon the government, but also on the market. Kinderdijk's position could become very vulnerable if the market were to collapse. This has happened in the last couple of years due to the Corona pandemic.",2762,A,True,5,The text explicitly describes monitoring climate and hydraulic data to identify risks and implement remedial preventative measures.
Monitoring,296,0,"the greenery and the planting in the area is the increase of the average temperature and shifts in the character of the seasons. In the long term this could lead to changes in species and vegetation. This is particularly true for the avenue planting and solitary beeches, which are part of the original planting.

Although on a local level, both dehydration and waterlogging occur as a result of climate change, but these aspects are not a direct threat, because of the proper control of available water resources and the management of the water board. The control of the water resources in the region is currently regulated by the water management infrastructure, the construction of which had already been started in the years of the Society of Benevolence. Water issues are managed adequately by water authorities, and damages caused by the climate, the environment or calamities will be repaired whenever necessary and possible.

All in all, the risks of climate change are adequately regulated.",2248,A,True,2,"The text describes current management and potential risks, but it does not mention the systematic collection or analysis of data to monitor effectiveness."
Monitoring,1886,3,"management and consolidation of the current state of repair.

Owners and operators make sure that management and maintenance are being implemented. The programme office facilitates these parties, e.g. by collecting knowledge and expertise. The siteholder also creates a detailed picture of the state of management and maintenance of the World Heritage Site as a whole by means of the Heritage Monitor.

The Cultural Heritage Agency, the National Restoration Fund and the provinces make funding (subsidies or favourable loans) available, with which, under specific programme conditions, investments can be made for maintaining and strengthening the Outstanding Universal Value, and making it accessible and possible to be experienced.

The national government grants subsidies for maintenance. These can be used to fund part of the costs of maintaining a monument.

Reconstruction

This concerns modest and effective maintenance, based on a maintenance plan, over a period of six years.",16,B,False,4,The text explicitly mentions the use of a 'Heritage Monitor' to create a detailed picture of the state of management and maintenance.
Monitoring,2538,5,"hrough proper control of the Management Plan.

Periodic Reporting to UNESCO

The monitoring provides the input for the Periodic Reporting to UNESCO, which in principle takes place every six years.

9.2 Monitoring system

The World Heritage Office has asked the municipal Research &amp; Statistics Department to assist in drawing up the Amsterdam World Heritage Monitor on the basis of approximately 50 indicators. These indicators relate to buildings, infrastructure, transport and tourism, etc., and are derived from the Periodic Reporting (block 4). The Research &amp; Statistics Department thereby ensures that information for these indicators is made available throughout the city and is bundled, analysed and graphically represented, and provided with an explanation.

Until 2016, the request for monitoring data took place on a biennial basis, but it has since stagnated. Biennial monitoring reports were drawn up until 2016.",6,B,False,5,The text explicitly describes a monitoring system using indicators to collect and analyze data for reporting and management purposes.
Monitoring,66,0,"heritage is propagated through education, information, research, and promotion.
- -Chapter 6 deals with the monitoring programme designed for the management of the site and for reporting developments.

sub-sections

The sub-sections are an integral part of the Management Plan and provide a further elaboration of the management on the OUV per component part. The structure of these sub-sections corresponds with the structure of the main section.

PART ONE: MAIN DOCUMENT

Introduction

Since 2005, drawing up a Management Plan is a requirement of the World Heritage Committee of UNESCO. Management Plans are aimed at upholding the Outstanding Universal Value of World Heritage sites recognised by UNESCO. This involves:

- ≠ The protection, preservation, sustainable maintenance and management of the World Heritage site.
- ≠ The appropriate incorporation of new developments.
- ≠ The propagation of the World Heritage site to society.

Protection is in order and ensured by laws and regulations.",10,B,False,2,"The text mentions the existence of a monitoring programme in Chapter 6, but provides no actual data, analysis, or details regarding the monitoring process itself."
Monitoring,810,0,"g protection in parts of the spatial plans and the spatial and heritage instruments is based on the situation prior to the designation of the OUV, the municipality has the formal obligation to update. This is anticipated in a new zoning plan.

In the adaptive re-use of buildings, the municipality sees opportunities to reinforce the qualities of Veenhuizen.

9

In 2017 the State, the province and the municipality jointly initiated an area-specific study of historical colours in Veenhuizen. The study focused on a better interpretation of the colour schemes applied in Veenhuizen in the past. The findings of the study will be defined in the Handbook Green and Colour

(Handboek Groen en Kleur) Veenhuizen. When carrying out recent maintenance and restoration works, the interim results of the study were already made use of.",1752,C,False,1,"The text discusses spatial planning, adaptive re-use, and historical color research, but contains no mention of data collection for system effectiveness or performance monitoring."
Multi-level management,2112,4,"n of the World Heritage Convention) adapted to the Wadden Sea World Heritage Site by including the elements in each phase. List of trilateral plans, strategies, and action plans to support management. All TWSC management plans, visions, strategies, and action plans can be found in www.waddensea-worldheritage.org.

Implementation

Trilateral visions, policies, and agreements are implemented in the three countries according to their laws, management structures, political frameworks, and cultures. Specific action plans and joint projects assist the implementation on the ground by specifying who, where, when,and how. Inversely, TWSC political decisions are fuelled by local and national approaches and requirements (see the example in Box 2).

Examples of successful joint projects that promoted the development and current implementation of the Sustainable Tourism Strategy are Interreg projects PROWAD 3 , PROWAD LINK 4 , Wadden Agenda and Wadden Agenda 2.0 5 , and NAKUWA 6 .",114,A,True,4,"The text describes a clear multi-level orchestration between trilateral political decisions, national frameworks, and local implementation on the ground."
Multi-level management,2063,4,"the content or the function of existing national or trilateral plans; thus, it is complementary to the Wadden Sea Plan 2010 (further detail about the Plan is presented as the foundation of Chapter 3. Nature Conservation Management).

The SIMP acts as an umbrella for existing plans and policies and provides information on how these are implemented trilaterally for nature conservation management.

1.4 Scope of the SIMP

The focus of the SIMP is the Wadden Sea World Heritage Site and the conservation of its Outstanding Universal Value (OUV, explained in Ch. 2). The SIMP presents (Fig. 2) a clear overview of the nature conservation management structures in Denmark, Germany, and the Netherlands and at the trilateral level, describes how the work is done together. The existing management elements in the context of the management cycle are also presented (as defined in § 111 of the Operational Guidelines for the Implementation of the World Heritage Convention).",200,A,True,3,"The text describes a multi-level governance structure (national, trilateral, and international), but focuses on administrative coordination rather than the specific orchestration of personal, community, and planetary boundary impacts."
Multi-level management,794,0,"on, tuning and escalation will be dealt with by an 'Inter Governmental Committee' (IGC) on the bi-state level.

Administratively, a steering group has been set up under which the Site holders operate. An Advisory Committee for Science, Education and Quality can issue advice to the Site holders as well as to the Colony manager. The parties represented in the steering group have mobilised financial and human resources for the site management. The Site holders ensure the proper management of the World Heritage site as a whole. The Site holders initiate the activities that serve to maintain and improve the quality of the World Heritage site, and also facilitates the communication, coordination, monitoring and periodic reporting. The colony managers are responsible for the preservation and management of the property and also for managing the effects that may arise from a larger area of influence.",18,B,False,2,"The text describes a traditional administrative governance structure rather than the specific integration of personal, community, and planetary boundary management defined in the concept."
Multi-level management,915,1,"the	OUV;
-  drawing	up	the	management	plan;

Table 2 Overview of the national and transnational levels established to coordinate and evaluate activities and the referring paragraphs here in the text.

- ensuring	the	implementation	of	the	management	plan	at	national/state	level	in	accordance	with	the	cycle: planning,	implementation	and	execution,	monitoring,	evaluating	and	adjusting;
- ensuring	compliance	with	the	periodic	(six-year)	reporting	obligations	towards	UNESCO;
- ensuring	 the	 required	 communication,	 harmonisation,	 coordination	 and	 collaboration	 between	 the different	parts	of	the	FRE;
- ensuring,	together	with	all	the	parties	concerned,	the	availability	of	sufficient	resources	for	the	implementation	of	management	measures;
- ensuring	timely	consultation	and	agreement	with	the	steering	group	and,	if	necessary,	with	each	separate member of the steering group, to achieve the administrative safeguarding of the harmonisation required by	UNESCO	in	the	implementation	of	the",19,B,False,2,"The text describes administrative and institutional coordination levels, but lacks the specific focus on personal choices, community actions, and planetary boundaries defined in the concept."
Multi-level management,2041,4,"within a continuous cycle of adaptive management.

In the process of developing the SIMP, five topics were prioritised as of high importance for joint management to maintain the integrity of the Site. Prioritisation of the five key topics was based on recommendations from Wadden Sea's site managers', prioritisation by the Task Group World Heritage, and selection criteria presented in the Leeuwarden Declaration (2018). The criteria are: urgency, direct effect on the OUV, and the need to be addressed at a trilateral level. Additionally, the key topics are mentioned as key threats requiring ongoing attention in the Statement of Outstanding Universal Value adopted by the World Heritage Committee. Pending management tasks and activities are suggested for all key topics based upon proposals from site managers, experts, and policy makers'.",13,B,False,4,"The text describes a layered orchestration of management involving site managers, task groups, and trilateral policy makers to maintain site integrity."
Multi-level management,1879,3,"s specifically developed for the New Dutch Waterline is the explosion sluice [plofsluis] in the Amsterdam-Rhine Canal, which exists nowhere else in the world. Digging of this canal began in 1933, i.e. towards the end of the period in which the New Dutch Waterline was functional. The explosion sluice makes it possible, with a simple action, to tip 40 million kilos of stone or rubble into the canal, thus damming it. This was necessary because otherwise, inundation water in the surrounding polders would flow through the newly-constructed canal.

Plofsluis, an explosion sluice near Nieuwegein

The water authority members prioritise the carrying out of water management tasks. In addition to these tasks, the water authorities are also concerned with ecology, recreation and cultural history, and they work with others to address these issues in a   c  omprehensive manner, in order to safeguard these interests as well.",2281,C,False,2,"The text describes a specific technical heritage feature and general administrative priorities, but lacks the systemic orchestration of personal, community, and planetary boundaries defined in the concept."
Prohibition,2134,4,"the OUV. The enabling environment for each of the five key topics is shown, including basic agreements and common strategies, which constitute a favourable and conductive framework for future action. Finally, activities directed to maintain and enhance the OUV of the Wadden Sea World Heritage, are outlined for all key topics based upon the proposals from site managers, experts, and policy makers. The described activities should be performed within the TWSC in collaboration with the competent authorities and relevant stakeholders. In the implementation of the activities, existing standards are to be maintained or, when necessary, improved upon to preserve and enhance the area's OUV. Implementation of the activities shall in no way lead to lowering of existing environmental standards.

Common to all five key topics' activities are:

-   trilateral exchange of knowledge and best practices for the benefit of nature conservation management;
-   raising awareness/advocacy.",1327,A,True,1,"The text discusses management frameworks, standards, and collaboration, but contains no mention of forbidding actions or edicts."
Prohibition,1288,2,"eption and presentation area.                                                                                                             | 100%        | 100%           | 100%                    |

4.2 THREATS AND RISKS

Introduction

Although many risk-mitigating measures have been organised and implemented, negative influence or threats can never be ruled out completely, both in terms of property-related factors and environmental factors.

The property may be affected or threatened by property-related factors such as:

- Spatial pressure on the Planetarium due to unexpectedly steep increase of visitor numbers. Provisions have been made for this, such as proper maintenance, a sound security system and an already existing visitor management system for limiting the number of visitors and, if necessary, registration via the website.
- Fire: the Planetarium has an automatic detection and extinguishing system, while the fire brigade is very alert where the Planetarium is concerned.",1248,A,True,1,"The text discusses risk management and visitor limits, but does not mention any legal edicts or the act of forbidding."
Prohibition,2315,5,"Act).

Status nationally protected scape

A nationally protected cityscape or villagescape is designated with an instruction pursuant to Article 2.34, paragraph 4 of the Environment and Planning Act. The purport of this instruction is that in the Environmental Plan the function indication of nationally protected cityscape or villagescape is given to the area in question and that the appropriate protection is provided. The Environmental Plan must, among other things, provide for a ban on the demolition of structures, geared to the characteristics of the cityscape or villagescape. If so desired, the assessment rules for an Environmental Plan activity that concern the demolition of a structure can be expanded relative to the limited assessment framework of the General Provisions Act (Wabo).

The parts of the Heritage Regulation relating to protected cityscapes will be included in the basic set of rules of the City of Amsterdam in the context of the entry into force of the Environment and",5,B,False,5,"The text explicitly mentions a 'ban on the demolition of structures' to protect heritage cityscapes, which directly aligns with the definition of prohibition."
Prohibition,1364,2,"ermit and is deemed relevant or necessary by the site holder and the manager of the Planetarium, the permit regime as regulated in the Heritage Act and the Environment and Planning Act is called upon.

Policy 1b - Protected cityscape

Action 1b1 - Permit regime protected cityscape

For every proposed spatial action within the protected cityscape Franeker which requires a permit, the Planetarium site holder will assess to what extent the execution of this spatial action would influence the OUV of the property, and to what extent this influence should be avoided. If desired, the site holder will then assert the result of the abovementioned assessment in the context of the permit regime with regard to the protected cityscape Franeker.

Policy 1c - Property of World Heritage

Action 1c1 - Briefings and training World Heritage

Provide briefings and training for all staff members and stakeholders on the OUV, Integrity and Authenticity of the World Heritage Site and on this Management Plan a",17,B,False,4,"The text discusses a 'permit regime,' which is the administrative mechanism used to enforce prohibitions on unauthorized spatial actions."
Prohibition,1270,2,"ementation Decree Environment and Planning Act. By 2029 at the latest,

After 2029, regulations in the temporary part of the environmental plan will no longer be allowed. This follows from article 22.6, paragraph 3, of the Environment and Planning Act. Consequently, until 2029 the municipality can cancel the regulations from the temporary part and convert them to the new part of the environmental plan. In the context of the conversion, the municipality is allowed to change the regulations, in which case it should, of course, take into account the fact that appropriate protection of the protected cityscape must (continue to) take place. Ultimately, the environmental plan must contain a so-called balanced allocation of functions.

Environment and Planning Act and (World) Heritage

The Environment and Planning Act requires that the municipality must take due account of the importance of the preservation of cultural heritage and the preservation of the Outstanding Universal Value of World",16,B,False,2,"The text mentions that certain regulations will 'no longer be allowed,' which implies a prohibition, but the focus is on administrative planning law rather than heritage-specific prohibitions."
Prohibition,1991,3,"and/or ecological value and enjoy protection as part of the Main Ecological Structure [ Ecologische Hoofdstructuur ], the Natura 2000 area or as a landscape that is valuable to the relevant provinces. The New Dutch Waterline itself also fulfils an   important function as a high-quality green zone for the nearby urban area.

Threat: progressive planting, which increasingly covers open areas, and creating wetlands on the 'safe side', making the system difficult to understand.

Seizing opportunities offered by the protected status of all or parts of the surrounding nature conservation areas in order to protect the Outstanding Universal Value of the New Dutch Waterline. Preventing nature conservation developments from impairing the Outstanding Universal Value by representing the interests of the New Dutch Waterline in a timely fashion in the planning process (Natura 2000/land-use plans of the Main Ecological Structure).",1652,C,False,2,"The text discusses protection and prevention of impairment, which implies restrictive measures, but does not explicitly mention a formal prohibition or edict."
Research,2178,4,"mate, water, sediments, and subsurface; 2) ecology, biodiversity, and spatial processes; 3) cultural heritage, identity, and historical embedding; and 4) economy, society, and sustainable development. Further integral parts of the Trilateral Research Agenda are monitoring; organisation and funding and outreach; communication; and education. The Trilateral Research Agenda 15 was welcomed at the last Trilateral Governmental Conference (Leeuwarden 2018).

To strengthen cooperation with the scientific community a Trilateral Programming Committee on Wadden Sea Research (TPC-WSR) was installed in order to establish a joint programme on research issues relevant to the Wadden Sea World Heritage Site, taking into account the Trilateral Research Agenda. The members of this Committee represent science and policy-management of the three countries.",22,A,True,5,The text explicitly discusses a 'Research Agenda' and the establishment of a 'Programming Committee on Wadden Sea Research' specifically for a World Heritage Site.
Research,2142,4,"14). This should be done in a collaborative approach, well-coordinated with other existing bodies and committees treating fisheries and aquaculture at the international, national, and regional levels.

3 The TWSC together with fishing schools to continue to improve awareness of Wadden Sea World Heritage Site values and vulnerability, scientific basis, location and objectives of closed areas, ecosystem-compatible and sustainable fishing techniques and fishing gear, waste prevention and the potential problems associated with marine litter (e.g., lost gear, dolly ropes), and the importance of fisheries for local and sustainable food security. This can be accompanied by information to the wider public through visitor and information centres, as well as the work of the International Wadden Sea School (IWSS).

4 The TWSC, through the trilateral groups responsible for science and fisheries, to initiate fisheries research projects , including:

- A.",63,A,True,5,The text explicitly mandates the initiation of fisheries research projects through trilateral science groups.
Research,2187,4,"ge of knowledge and experience is carried out with site managers from other Marine World Heritage Sites or mud-flat ecosystems sites to enhance understanding of natural systems and how to manage them.

Challenges and Outlook

The main challenge today is how knowledge creation and exchange can be organised trilaterally and passed to future generations. Furthermore, how diverse target audiences can be actively involved across various topics and governance structures.

New forms of cross-sector collaborations could be developed to foster knowledge exchange trilaterally (such as 'communities of practice', which are organised groups of people that collaborate regularly to share information, improve skills, and work on advancing knowledge on a specific topic of common interest). In addition, enhanced use of appropriate technologies could be considered to support effective and positive experiences during exchange and collaboration (such as knowledge bases, expert systems, information technolo",5,B,False,4,"The text focuses heavily on knowledge creation, exchange, and the systematic advancement of understanding regarding natural systems management."
Research,252,0,"y and Research (WUR). The aim is to develop knowledge about the use of heritage values as a resource for innovative solutions and approaches to current local, regional, national and global issues.

4.12 MAINTAINING CONSENSUS

Consensus in decision-making is the basic principle of the collaboration of the state parties that submit the nomination. So far, this has proved to be a very workable model, and the parties will continue in similar fashion following nomination. The organisational model contains a joint management Committee (the steering group Colonies of Benevolence) and an Intergovernmental Committee for issues on a bi-state level. Moreover, the Advisory Committee for Science, Education and Quality can advise the steering group. If, despite working on the basis of consensus, discussions arise between the State Parties, the Site holders and the steering group about matters affecting the OUV, such matters will be referred to the IGC (bi-state level).",6,B,False,2,"The text mentions 'Research' and an 'Advisory Committee for Science' in passing, but the primary focus is on governance and consensus-building."
Research,4,0,"| Qualitative description                 |   69 |       | programme level                                   | 107 |
| 1.1.1                   | Asignificant and large-scale            |      | 4.7   | Organisation per Component part direction and     | 108 |
|                         | social experiment                       |   69 | 4.7.1 | Administrative                                    |     |
| 1.1.2                   | Newcultural landscapes                  |   70 |       | frameworks                                        | 108 |
| 1.1.3                   | Poverty reduction through domestic      |      |       | Organisational structure at a                     |     |
|                         |                                         |      | 4.7.2 |                                                   |     |
|                         | colonies                                |   70 |       | Component part level                              | 109 |
| 1.1.",15,B,False,1,"The text consists of fragmented table data regarding social experiments and administrative frameworks, with no mention of systematic investigation or research."
Research,2562,6,"ing with a vote, which had a particularly favourable outcome for the Kingdom of  the Netherlands. The Netherlands was awarded its tenth World Heritage Site that day: the Van Nellefabriek in Rotterdam!

To Rotterdam and the Netherlands, the designation as a World Heritage Site meant the recognition of  this icon's status as a leading complex in international architectural history . The seed for Rotterdam as an inspiring architectural city had already been sown a century ago with the construction of  the Van Nellefabriek by director Kees van der Leeuw together with the architects Michiel and Jan Brinkman and Leen van der Vlugt. They designed an entirely new concept for a production site: The Daylight Factory.

The Van Nellefabriek's World Heritage Site status results in a position of  prestige, whilst also obliging the preservation of  its extraordinary values.",2690,C,False,1,"The text describes the World Heritage designation and architectural history of a site, but contains no mention of systematic investigation or research activities."
Research gap,2203,4,"aiming for autonomous bird management in the African partner countries, to combat the impact of climate change for a resilient flyway and to enhance the long-lasting cooperation with Arctic countries. Successful cooperation has been established with west-African countries in particular, with the World Heritage Site National Park Banc d'Arguin in Mauritania (Memorandum of Understanding 2014), and also with Bijagòs Archipelago in Guinea Bissau with regards to the protection of intertidal ecosystems.

For the fish community of the Wadden Sea, interconnections on a regional scale are relevant as well. Many marine and estuarine fish species depend on the Wadden Sea at some point in their life cycle. Swimways in the Wadden Sea are less known and researched than flyways but are of proven relevance for fish migration between marine and freshwater habitats. The three countries are working on an Swimway Vision and Action Programme for the implementation of the Wadden Sea Plan 2010 fish targets.",158,A,True,4,"The text explicitly identifies that swimways are 'less known and researched' than flyways, directly indicating a research gap regarding fish migration."
Research gap,2182,4,"y, 2014).

The QSR Thematic Reports are written by scientists in consul- tation with relevant TWSC groups and edited by an Editorial Board in cooperation with the Common Wadden Sea Secretariat (CWSS). The QSR Thematic Reports are updated at regular intervals based on data availability, trilateral events, or emerging issues.

A QSR Synthesis will combine the findings from the Thematic Reports and will be issued prior to the Trilateral Governmental Conference every four years, thus providing a condensed overview on the status of the ecosystem with relevant information for management and decision making.

Challenges and Outlook

In the coming years, new requirements may apply for the TMAP. These requirements may be influenced by, or have an influence on, (new) trilateral policies and plans (like the SIMP). Among other these could be:

-   Impacts of climate change (see the Trilateral Climate Change Adaptation Strategy, CCAS).",13,B,False,1,"The text describes reporting structures and mentions climate change as a challenge, but it does not identify any specific underexplored areas or research gaps."
Research gap,2159,4,"f nature friendly practices for dredging of shipping lanes and Wadden Sea ports and the related disposal (existing regulation, studies, good practices) where dredging and disposal is unavoidable.
- F. Identification and research on potential effects of climate change on the OUV of the Wadden Sea as well as adap-

tive measures for shipping and ports.

- G. Benefits of the Wadden Sea PSSA in the framework of the International Maritime Organisation (IMO), including Associated Protective Measures and the Operational Plans.

3 Site managers to participate as nature conservation stakeholders in trilateral initiatives

involving shipping authorities, ship-owners, seafarer associations, harbour operators, the Wadden Sea Forum, and the Wadden Sea Team of environmental NGOs to discuss specific priorities and explore ways to implement and/or make use of:

- A.",20,B,False,5,"The text explicitly calls for 'identification and research' on climate change effects on the OUV, directly matching the definition of a research gap."
Research gap,2127,4,"ing the safeguarding of the OUV and its key features.

Potential conflicts as well as opportunities related to coastal flood defence and protection and renewable energy are addressed in Chapter 5.

4.3 Proposals for Management Activities

-   Stimulate and maintain trilateral knowledge exchange and interdisciplinary discussions about, among others best practices for adapting to climate change; projects for restoring and re-dynamizing threatened habitats as an adaptation measure; methods to limit the damage or prevent negative impact of climate change on the OUV; the cumulative and combined effects of both climate change and human use to advise permitting procedures; water withdrawal and water management on the islands; improve knowledge about the potential effects of climate change on economic, social, and cultural aspects.
-   Integrate and mainstream the Trilateral Climate Change Adaptation Strategy into all activity fields and make it more publicly known.",15,B,False,4,"The text explicitly calls for stimulating knowledge exchange and improving knowledge on several underexplored climate impacts, directly aligning with the need for further investigation."
Research gap,2503,5,"h of Amsterdam from the end of the 16th century was partly obtained through unjust trade, including the trade in enslaved people. This is featured more and more frequently and made open to discussion. It concerns the Dutch West Indian Company that started trading in enslaved people and the robbery trade on which Amsterdam's prosperity was also built. Attention is paid to this in the elaboration of Amsterdam World Warehouse and the new Slavery Museum that is to be opened in Amsterdam.

Website Amsterdam canal ring area

Amsterdam has a special page on its website about the Amsterdam canal ring area World Heritage Site. This website contains information about:

- Why the canal ring area is inscribed on the World Heritage List.
- What makes the canal ring area so unique.

The website contains information about the visitor centre and the World Canals educational project.",2547,C,False,1,"The text discusses colonial history and tourism information, with no mention of climate change, environmental sustainability, or research gaps."
Restoration,2174,4,"relevant research questions to investigate potential for nature-based solutions, as well as adaptation and compensation measures, to restore natural dynamics and, when possible, develop trilateral research projects. The upcoming (pilot) projects on the implementation of nature-based solutions for coastal protection in the Wadden Sea should be used to quantify ecological and socio-economic effects and to be able to transfer these to a larger coherent area.
- C. Continue to support and stimulate, where necessary, the agencies and authorities responsible for coastal flood defence and protection to implement more environ-

mentally friendly solutions contributing to safeguarding the OUV.

3 The TWSC through site managers and, where not being part of it, the responsible nature conservation authorities, to continue to improve awareness among authorities and agencies responsible for planning, construction, and maintenance of coastal flood defence and protection measures of the following: the",129,A,True,3,"The text discusses restoring natural dynamics and coastal protection to safeguard OUV, which aligns with the goal of recovering damages, though it focuses more on systemic adaptation than specific repair."
Restoration,307,0,"his deployment of 'incidental' resources illustrates the readiness of governments to invest:

- -Restoration various buildings Frederiksoord and surroundings, several millions of euros (largely completed.
- -Restoration programme Veenhuizen, dozens of millions of euros (largely completed).
- -Programme of the province of Drenthe Adaptive re-use Characteristic Property.
- -Programme of the province of Drenthe Colonies of Benevolence.
- -State resources in the Netherlands for the Colonies of Benevolence. Total of ¤ 400,000, of which ¤ 50,000 and ¤ 117,000 contributed recently.
- -State restoration resources in the Netherlands and Flanders.

5.4.5 Distribution key costs arising from Management Plan

The distribution key for the costs of the Management Plan is related to the costs of the joint overall organisation structure, including structural resources needed at that level for research and monitoring, meetings of steering groups and working groups, website and central information provis",41,A,True,2,"While the text mentions 'restoration' multiple times, it focuses on financial investment and funding rather than the repair of climate or environmental damages."
Restoration,298,0,"The damage to vegetation and planting can be compensated partially by a replanting obligation, with the exception of tree diseases which might lead to the (local) extinction of some specific species. The damage to buildings caused by strong winds, thunderstorms and hail can mostly be repaired and private parties who own the buildings are insured in this respect.

5.3.5 Recreation and tourism

The Colony landscapes are attractive for recreational activities and leisure. The cultural heritage elements appeal to descendants of colonists and to those interested in the history of Colony life. So far, this has not led to serious recreational pressure. It is expected that the flow of tourists and visitors will increase slightly. In most Colonies, or in the immediate vicinity, there are sufficient opportunities for recreational accommodation, such as campsites, hotels, bed and breakfasts and group accommodations.",4,B,False,3,"The text mentions repairing damage to buildings and replanting vegetation caused by environmental factors, which aligns with the definition of restoration."
Restoration,805,0,"cted nature areas.

Management measures

Continuation of existing policy

- -The province of Drenthe focuses its environmental policy on the protection of the landscape typology and structure.

9.5.1.5  Rehabilitation of landscape, nature and buildings

From the beginning of the 21st century, both Belgium and the Netherlands have made large-scale investments in the preservation and rehabilitation of the structure of the landscape and the buildings in the Colonies of Benevolence, based on a long-term vision. In doing so, specific focus is placed on sustainable exploitation and local businesses appropriate to the cultural heritage essence of the territories. In the Dutch Components the emphasis is on the adaptive re-use of unoccupied premises before proceeding to restoration. The adaptive re-use should be in line with the landscape structures and the history of the Colonies (agriculture/agricultural innovation, care, housing, education, detention, recreation).",18,B,False,3,"The text mentions restoration and rehabilitation of buildings and landscapes, but does not explicitly link these actions to climate or environmental impacts."
Restoration,830,0,"dest.

Management measures

Continuation of existing policy

- -In the Netherlands, the responsibility in the event of natural disasters and calamities is delegated to the safety and security regions. The Colony area does not require a special approach on the basis of the OUV.
- -The damages to vegetation and planting can be partially compensated by a replanting obligation, with the exception of tree diseases that lead to the extinction of specific species.
- -The damages to buildings caused by strong winds, thunderstorms and hail are mostly reparable and are covered by insurance taken out by private parties who are the owners of the buildings.

9.5.3.4  Impact of recreation and tourism and/or visitors Veenhuizen

It is expected that the acquisition of World Heritage status will only lead to a slight increase of recreation and tourism in the area.",9,B,False,4,The text explicitly discusses repairing damages to buildings and vegetation caused by environmental factors like wind and storms.
Restoration,120,0,"---------------------|-----------------------------------------|------------------|------------|----------------|---------------------|-------------------|
| COMPONENT PART               |                                         |                  |            |                |                     |                   |
| Component part A             |                                         |                  |            |                |                     |                   |
| Frederiksoord                |                                         |                  | √          | √              | √                   | √                 |
| Wilhelminaoord, Vierdeparten |                                         |                  | √          | √              | √                   | √                 |
| Component part B             |                                         |                  |            |                |                     |                   |
| Wortel",2776,C,False,1,The text chunk is a list of component parts/locations and contains no information regarding restoration or climate adaptation.
Soil subsidence,1291,2,"ediate vicinity of the Planetarium where activities take place that involve special substances or materials that could pose a danger to the environment.

There is no danger for the OUV and attributes.

The Planetarium is located within the protected cityscape of Franeker, together with almost 150 other buildings that are protected as national monuments. The buffer zone of the Planetarium is located fully within the protected cityscape and mainly comprises national monuments - a total of eighteen.

There is no risk here of disruptive high-rise buildings in the vicinity of the OUV and attributes.

4.2.2 ENVIRONMENTAL PRESSURES

Soil movement

The soil in the Netherlands, the north of the Netherlands included, is subject to all kinds of processes and factors taking place on or in the soil. As a result, the soil is slowly descending. On the one hand, this is the result of natural processes, such as the subsidence of the shallow subsoil.",14,A,True,5,The text explicitly discusses soil movement and the slow descending of soil due to subsidence in the context of the site's environmental pressures.
Soil subsidence,1292,2,"ocesses and factors taking place on or in the soil. As a result, the soil is slowly descending. On the one hand, this is the result of natural processes, such as the subsidence of the shallow subsoil. On the other hand, there are anthropogenic causes, such as surface load/settlement or decline of the groundwater level. Together, natural processes and human interventions cause this autonomous subsidence of the surface level. In the north-west of Friesland, the autonomous subsidence varies on average from less than 1 millimetre to several millimetres per year. This subsidence is spread fairly evenly over a large area and the consequences of this have so far been barely noticeable.

Soil subsidence map

The soil subsidence map literally shows the dynamic of the Netherlands. The soil subsidence map 2.0 is an interactive map which can be zoomed in on to object level, and which shows the movement of measuring points in time. It can be consulted via the website https://bodemdalingskaart.",1,A,True,5,"The text explicitly describes the causes, processes, and monitoring of soil subsidence, aligning perfectly with the provided definition."
Soil subsidence,2619,7,"| Zuiderzeeland Water Board                                          |
| Groundwater monitoring                                                                 | Zuiderzeeland Water Board                                          |
| Consolidation of quays on the Northside                                                | Zuiderzeeland Water Board                                          |
| Monitoring ground subsidence                                                           | Province of Flevoland                                              |
| Monitoring (nationally) listed buildings                                               | Province of Flevoland                                              |
| Monitoring hydrological zone                                                           | Cultural Heritage Agency                                           |
| Regular management & maintenance Gesteentetuin ('rock garden') visit",11,B,False,5,"The text explicitly mentions 'Monitoring ground subsidence' and 'Consolidation of quays', directly relating to the concept label."
Soil subsidence,1009,1,"ception of Herwen-De Bijland, where the Roman remains are deeper thanks to the deposition of a thick layer of post-Roman river sediment. For activities within this depth range, a permit is not needed. The land-use plan (from 2021 onwards the environment plan), provides the legal basis for the assessment of applications submitted by initiators of developments such as building, potentially damaging activities or functional changes in land-use. Interventions requiring a permit include the (re)construction of sheds, houses or business premises, the construction of paving, the digging of trenches, (re)excavation or filling-in of ditches and canals, deep ploughing, the construction of drainage pipes, reduction of the groundwater level and conversion of grassland into arable land, (glass) horticulture, bulb-growing or fruit-growing. Superficial soil interventions such as garden work do not require a permit because they do not change or disturb the archaeological values.",16,B,False,1,"The text discusses archaeological layers, land-use permits, and soil interventions, but makes no mention of soil subsidence or ground sinking."
Soil subsidence,2162,4,"Disturbance of natural migratory routes as well as mainland areas for breeding, resting, and migratory birds, marine mammals, as well as increased risk of collisions with animals due to power stations construction near the Wadden Sea World Heritage Site and ongoing operations, including the risk of accidents causing the release of harmful substances.
-   Future steep increase in number and density of power stations and transmission infrastructure, including increased maintenance and supply traffic to meet the raising energy transition targets will exacerbate risks (e.g., disturbance, habitat loss, collisions, noise) within the Wadden Sea World Heritage Site and in adjacent areas.
-   Ground surface subsidence caused by gas exploitation and salt mining may affect habitats and species and, in the future, its effects could be exacerbated by sea level rise.",7,B,False,5,The text explicitly mentions ground surface subsidence caused by gas exploitation and salt mining and its impact on the heritage site.
Soil subsidence,1,0,"contact

Site holder the Netherlands Wendy Schutte, Province of Drenthe Site holder Flanders Philippe De Backer, Kempens Landschap Component part A: Frederiksoord-Wilhelminaoord Bernard Stikfort, municipality of Westerveld Monique Annotee, municipality of Weststellingwerf Component part B: Wortel Kathleen De Clercq, Kempens Landschap Component part C: Veenhuizen

Johan Panman, municipality of Noordenveld

advisors

Henk van Kessel (NC Advies) Brendan McCarthy (LandKracht) Erik Opdam (NC Advies)

photography

James van Leuven (J.L.) Siebe Swart (S.S.)

design

Joke Gossé

print

Chris Russell

Disclaimer

We have endeavored to collect the visual material in this document with the utmost care and to indicate the source. However, if you nevertheless consider certain images to have been used unlawfully, please get in touch with the contact addresses provided in Chapter 8a of the nomination file.",2393,C,False,1,"The text is a list of contacts, advisors, and credits, containing no mention of soil subsidence or geological processes."
Stakeholder collaboration,977,1,"e  maintaining  an  overview  of  management  of  the  Lower  German  Limes  as  a  whole, ensuring alignment with international developments, managing and facilitating the various meetings for the Steering Group and the programme teams and setting clear objectives and guidance for the work of the four work groups.	This	coordination	function	is	an	important	one:	bringing	together	the	work	of	the	International	Partners; maintaining and enhancing relationships with other organisations and individuals who have an interest in the management	of	the	World	Heritage	site;	and	ensuring	that	all	stakeholders	are	aware	of	the	importance	of	the Site and feel they can contribute effectively to its management.

Projects  between  national  partners  will  benefit  from  central  coordination,  ensuring  an  overview  of  the achievements and progress being made with Management Plan objectives and actions.",1,A,True,5,"The text explicitly describes the coordination of international partners, managing steering groups, and ensuring all stakeholders can contribute to the site's management."
Stakeholder collaboration,2191,4,"ant strategies for the Wadden Sea, namely the Sustainable Tourism Strategy 18 . It also contributes to the UNESCO Programmes for 'World Heritage Education' and 'Education for Sustainable Development'.

Challenges and Outlook

Engaging the diverse multipliers in cross border cooperation and enhancing their trilateral and World Heritage perspective remains an ongoing process and is an integrated part of education and information.

The provision of trilateral information, education, and interpretation resources will enhance the quality of information and support consistent communication of the OUV across the regions. Visitor centres, visitor information systems and educational resources, as well as guided tours, class trips, and seminars are provided at the national level and in networks.

6.5 Communication

Communication is vital to make the Wadden Sea World Heritage Site known, understood, respected, and appreciated, and to support the protection of the site and maintain its OUV.",250,A,True,4,The text explicitly discusses engaging diverse multipliers in cross-border cooperation and coordinating trilateral resources to align communication goals.
Stakeholder collaboration,211,0,"d.

Per component part, one Colony manager will be appointed and a coordination mechanism installed whenever multiple municipalities are clustered in one component part (Frederiksoord-Wilhelminaoord).

Stakeholders, including residents, will be involved at the level of each component part. In the Netherlands, feedback groups will be set up for this purpose, while in Flanders an already existing group of stakeholders and public owners - the Technical Coordination Committee (TCC) - will be in charge. Tailor-made methods will be applied for informing and involving the residents and users of the Colonies regarding the implementation of the Management Plan.

No later than 1 January 2021, the steering group will establish an Advisory Committee for Science, Education and Quality, for the purpose of issuing advice to the steering group, the Site holders and the Colony managers.",18,B,False,5,"The text explicitly details the mechanisms for engaging residents, coordinating multiple municipalities, and establishing advisory committees to align project goals."
Stakeholder collaboration,2372,5,"both at official and governance level. The 2009 Management Plan provided for structured consultation with a number of stakeholders. In practice, this has proven not to be an effective working method.

Primarily, in addition to the Amsterdam Heritage Consultation, contacts with stakeholders tend to be in the context of current developments and concrete projects and programmes, and it seems more logical to link up with this where heritage interests play a role. The Executive Board of the City District Centre has regular consultations with both De Vrienden van de Amsterdamse Binnenstad (the Friends of the Amsterdam Inner City Association) and the Association Voordestad. In addition, the World Heritage Office organises activities to propagate the UNESCO World Heritage Site, in which stakeholders are also actively involved.",7,B,False,5,"The text explicitly discusses the practical application, effectiveness, and specific mechanisms of engaging with various stakeholders in a heritage management context."
Stakeholder collaboration,2718,8,"ced, temporarily halted and prioritized.

Intended Result: A definitive operation plan, including multiple year perspective, with an end result so that SWEK can execute its goals and management tasks.

Project: When the process is completed in reaching new financial agreements and it is clear in which manner and by which deadline resources from SWEK are returned from both municipalities, in order to incur costs and implement investments to compensate for programs. There are necessary agreements about in which way these investments will be financed and temporarily halted. The BPK has an important consultancy roll. This requires a kind of participation between all parties, clarity in everyone's roll, respons ibility and intentions and where there are clear arrangements about the manner in which the organization deals with investments, operations and risks.

View

The approach for the projects listed above is embedded in the various Execution Programs from the responsible authorities.",20,B,False,4,"The text explicitly discusses the need for participation between all parties, clarity in roles and responsibilities, and reaching financial agreements among multiple stakeholders."
Stakeholder collaboration,2082,4,"tected area under the EU Habitats and/or Birds Directive and lies within the scope of the MSFD. The inner Wadden Sea is also subject to the scope of the EU Water Framework Directive (WFD: 2000/60/EC).

In the Netherlands, the EU Birds Directive and EU Habitats Directives were transposed through the Nature Conservation Law 1998. The Nature conservation Law 1998 has been replaced by the Law on Nature Conservation (2015), which continues to implement both the EU Birds and EU Habitats Directives, as well as the WFD. The entire Dutch Wadden Sea has been designated as a protected area under these three EU Directives.

In summary, the management system of the Wadden Sea World Heritage Site is based on existing national protection and management systems (Annex, Figs. A3-5) supplemented by trilaterally coordinated management, including a number of trilateral plans, strategies, and action plans (see Fig. 7).",1683,C,False,3,"The text mentions 'trilaterally coordinated management' and shared plans, which implies stakeholder collaboration, though it focuses more on legal frameworks."
Water management,1996,3,"cularly the major rivers, this means that dykes will need to be strengthened in some places. Inside the dykes, solutions such as water retention locations are being sought for temporary water storage. With the right designs, this spatial planning challenge could contribute to making the Dutch Water Defence Lines easier to understand and recognise, by converting former inundation fields into areas for water retention. One example of this is the water retention site - and former inundation polder - of Blokhoven, where once every fortnight it is possible to experience how the water system of the New Dutch Waterline worked. In 2018, preparations are being made to strengthen the dyke between Gorinchem and Waardenburg over a length of 23 kilometres. A Heritage Impact Assessment is part of the project, so that the Outstanding Universal Value is considered in the design phase of the dyke-strengthening, for example around the Honswijk-Everdingen fort complexes.",212,A,True,4,The text describes the practical application of water resource administration and spatial planning to balance flood defense with heritage preservation.
Water management,2618,7,"agement                                                    | Het Flevo-landschap Municipality of Noordoostpolder                |
| Terp Middelbuurt and Schokland Museum                                                  | Cultuurbedrijf Noordoostpolder and municipality of Noordoostpolder |
| Regular management and maintenance of the grounds of the Flevoland landscape           | Het Flevo-landschap                                                |
| Monitoring wildlife and vegetation                                                     | Het Flevo-landschap                                                |
| Supervision and water level management                                                 | Zuiderzeeland Water Board                                          |
| Maintenance of waterworks                                                              | Zuiderzeeland Water Board                                          |
| Groundwater monitoring",566,A,True,5,"The text explicitly mentions water level management, maintenance of waterworks, and groundwater monitoring, which directly align with the administration of water resources."
Water management,292,0,"adversely affect the OUV, the heritage and the spatial quality in a broad sense. In this respect, the management philosophy is applicable and much attention is paid to overarching and local interests. The majority of management measures is already included in the existing policies of municipalities, provinces, region and State, and is incorporated in the existing management, which is carried out by themselves or by agencies, water authorities, site managers and owners. For further specification we refer to the sub-sections of this Management Plan. The Colony managers and the site manager monitor trends and identify relevant developments. These developments will be monitored and discussed in consultation between governments, stakeholders and owners.

Specific management measures are provided to deal with a limited number of developments. These are specified in the three sub-sections.",8,B,False,2,"While the text mentions 'water authorities' and general management structures, it does not discuss the specific processes of water resource administration or scarcity addressed in the definition."
