Label,Sentence,Chunk ID,MP Index,Match Type
Legislation,"This applies to the protection of the heritage as well as to the existing nature values in the component parts and their settings, which also enjoy protection through European directives. ",41.0,0.0,exact
Conservation,"rehabilitation (restoration, adaptive re-use and landscape rehabilitation) is part of the spatial and nature plans. ",53.0,0.0,exact
Coherence,The Site holders will develop a common vision on the further alignment as regards management and maintenance of the heritage (restoration and re-use) and methods to anticipate spatial and functional developments.,53.0,0.0,exact
Assessment,trends and developments which may affect the OUV and the spatial quality of the Colonies have been analysed,53.0,0.0,exact
Climate change,"These concern housing, business activity, altered agricultural use, recreation and tourism, integrated water management, infrastructure and traffic, nature and landscape, heritage and archaeology, climate change and calamities. ",54.0,0.0,exact
Heritage inclusion,"The component parts consist of relict landscape layers in a ‘living landscape’, where developments remain possible, as long as these are neutral in respect of the OUV or supportive of it",54.0,0.0,exact
Conservation,"preventing adverse effects on the OUV, the heritage and the spatial quality in a broad sense. ",54.0,0.0,exact
Legislation,"Most management measures have already been incorporated in existing policies of municipalities, provinces, regions or the State, and are included in the management as implemented by them or by appointed agencies, water managers, project managers and owners.",55.0,0.0,exact
Monitoring,The Colony management and the site managers monitor the trends and identify relevant events. ,55.0,0.0,exact
Climate change,"strong winds, thunderstorms and hail can cause damage to the plantings and buildings.",56.0,0.0,exact
Climate change,"This is particularly true for the avenue planting and solitary beeches, which are part of the original planting.",56.0,0.0,exact
Water management,Water issues are managed adequately by water authorities,56.0,0.0,exact
Restoration,"damages caused by the climate, the environment or calamities will be repaired whenever necessary and possible",56.0,0.0,exact
Monitoring,A monitoring system will be introduced to provide basic information in a structured manner for the management of the OUV of the Colonies of Benevolence site,63.0,0.0,exact
Monitoring,Monitoring the state of maintenance of the attributes of the OUV,63.0,0.0,exact
Monitoring,"Early identification of developments and trends, both in and outside the World Heritage site, which may affect the OUV. ",63.0,0.0,exact
Monitoring,This constitutes the basis for interventions and measures to ensure the orderly management of the developments and trends,63.0,0.0,exact
Monitoring,"Monitoring the progress of the management measures, so that adjustments can be made where necessary",64.0,0.0,exact
Monitoring,Compliance with the World Heritage Committee requirement to produce a report on the site every six years (periodic reporting,64.0,0.0,exact
Monitoring,The starting point for the monitoring system is the information that has become available in the context of the nomination (baseline situation,64.0,0.0,exact
Climate change,Risks affecting the sites include the impact of climate change and economic pressure on agriculture.,93.0,0.0,exact
Monitoring,These risks are managed through established systems of land management overseen by the assigned Site holder and Colony management,93.0,0.0,exact
Assessment,analyses have been carried out regarding the trends and developments that might affect the OUV and the spatial quality of the Colonies now or later,281.0,0.0,exact
Climate change,"residential development pressure, business development pressure, changed agricultural use, recreation and tourism, comprehensive water management, infrastructure and traffic, nature and landscape, heritage and archaeology, climate changes/calamities and cumulation of (small-scale) interventions",281.0,0.0,fuzzy split (first half)
Climate change,"residential development pressure, business development pressure, changed agricultural use, recreation and tourism, comprehensive water management, infrastructure and traffic, nature and landscape, heritage and archaeology, climate changes/calamities and cumulation of (small-scale) interventions",282.0,0.0,fuzzy split (second half)
Legislation,"The heritage values, from the foundation of the Colonies up to the current functions, are protected by heritage policies.",285.0,0.0,exact
Legislation,"The majority of management measures is already included in the existing policies of municipalities, provinces, region and State, and is incorporated in the existing management",292.0,0.0,exact
Climate change,"strong winds, thunderstorms and hail can cause damage to the plantings and buildings",56.0,0.0,exact
Climate change,Another potential threat for particularly the greenery and the planting in the area is the increase of the average temperature and shifts in the character of the seasons,295.0,0.0,exact
Climate change,In the long term this could lead to changes in species and vegetation.,295.0,0.0,exact
Climate change,"the avenue planting and solitary beeches, which are part of the original planting",56.0,0.0,exact
Climate change,dehydration and waterlogging occur as a result of climate change,296.0,0.0,exact
Water management,because of the proper control of available water resources and the management of the water board.,296.0,0.0,exact
Water management,"The control of the water resources in the region is currently regulated by the water management infrastructure, the construction of which had already been started in the years of the Society of Benevolence",296.0,0.0,exact
Monitoring,the risks of climate change are adequately regulated,296.0,0.0,exact
Conservation,"The maintenance of roads, roadsides, avenues, waterways and parts of the landscape are included in the regular management and maintenance programmes of municipalities, water boards and management organisations such as the Forestry Commission, Flemish Land Agency, Kempens Landschap, the Foundation Society of Benevolence and the State of the Netherlands.",300.0,0.0,fuzzy split (first half)
Conservation,"The maintenance of roads, roadsides, avenues, waterways and parts of the landscape are included in the regular management and maintenance programmes of municipalities, water boards and management organisations such as the Forestry Commission, Flemish Land Agency, Kempens Landschap, the Foundation Society of Benevolence and the State of the Netherlands.",301.0,0.0,fuzzy split (second half)
Restoration,"Restoration various buildings Frederiksoord and surroundings, several millions of euros (largely completed. ",307.0,0.0,exact
Knowledge transfer,the Centre of Expertise for Nature and the Environment (Kenniscentrum voor Natuur en Leefomgeving) in the Netherlands focuses on development and sharing of knowledge,309.0,0.0,exact
Knowledge transfer,"In the field of the conservation of structures and objects, including green landscape elements, a great deal of knowledge is also available at the level of the site managers, within the provinces and in the various regional and management organisations ",309.0,0.0,fuzzy
Knowledge transfer,"Both in the Netherlands and in Flanders there are specialised training courses on the subjects of restoration and monument care, and also of landscape care, at colleges and universities.",312.0,0.0,exact
Knowledge transfer,Many professional organisations with a long track record in terms of management and maintenance are involved in managing the different attributes,312.0,0.0,exact
Climate change,Climate change could manifest itself in the area in the form of periods of raised water levels and dehydration,568.0,0.0,exact
Water management,the hydrological infrastructure and the instruments of the water board offer sufficient opportunities to deal with these effects in the area,569.0,0.0,exact
Climate change,recent summer periods in 2018 and 2019 led to significant water shortages in the substrate in Component part A (dehydration,569.0,0.0,exact
Water management,"rehabilitation of the Westerbeeksloot barge canal includes measures to improve the period of water retention in the barge canal, so as to increase resistance against dehydration for a longer period of time.",569.0,0.0,exact
Research,"It is intended to conduct further research, in collaboration with the Water Boards, into the possible effects of in particular dehydration on the OUV in the Dutch component parts.",570.0,0.0,exact
Water management,The rehabilitation of the Westerbeeksloot barge canal includes measures against dehydration by retention of water in the barge canal for a longer period of time,572.0,0.0,exact
Research,"It is intended to conduct further research, in collaboration with the Water Boards, into the possible effects of in particular dehydration on the OUV",570.0,0.0,exact
Water management,The water board takes measures against the risks of further dehydration of parts of Component A.,573.0,0.0,exact
Climate change,floods in the Netherlands and Belgium are considered to be the most important risk of climate change,687.0,0.0,exact
Climate change,both dehydration and waterlogging occur as a result of climate change,296.0,0.0,exact
Climate change,"due to low precipitation figures in 2018 and part of 2019, a water shortage has arisen in the soil with potential drying out effects in the area",688.0,0.0,exact
Water management,The water management in the area can be properly regulated via the available water sources and the control by the Flemish Land Agency,688.0,0.0,exact
Water management,The water management utilises the waterways which were constructed in the days of the establishment of the Colonies.,688.0,0.0,exact
Climate change,Another potential risk for particularly the greenery and the planting in the area is posed by the rise of the average temperature and shifts in the character of the seasons,688.0,0.0,exact
Climate change,this can lead to changes in species and vegetation,689.0,0.0,exact
Climate change,both dehydration and waterlogging occur as a result of climate change. ,296.0,0.0,exact
Water management,water management in the area can be properly regulated via the available water sources and the control by the water board,827.0,0.0,exact
Water management,The regulation of the water management in the area currently takes place through the hydrological infrastructure which had already been constructed in the days of the Society of Benevolence,828.0,0.0,exact
Climate change,changes in species and vegetation,295.0,0.0,exact
Monitoring,timely administrative identification of and reaction to threats and developments that might affect the OUV of the World Heritage site ,221.0,0.0,exact
Monitoring,timely administrative identification of and reaction to threats and developments that might affect the OUV of the World Heritage site,221.0,0.0,exact
Assessment,for example outcomes of Heritage Impact Assessments,913.0,1.0,exact
Conservation,"elements preserved aboveground have been integrated into later buildings, a process that has ensured their preservation down to the present day",926.0,1.0,exact
Legislation,All elements are well protected by the national and state heritage protection laws.,926.0,1.0,exact
Climate change,Global warming resulting from climate change may cause the water level of the Rhine to rise,946.0,1.0,exact
Climate change,increasing the risk of flooding of the nominated property in the future,946.0,1.0,exact
Water management,River erosion has been countered in previous centuries by the construction of dikes and river bank revetments. ,947.0,1.0,exact
Water management,these measures cannot provide full protection against flooding and erosion,947.0,1.0,exact
Climate change,"As with any lowland riverine landscape, the Rhineland is still exposed to flooding in extreme conditions",947.0,1.0,exact
Water management,Bursting of dikes and other bank reinforcements is more of a threat,948.0,1.0,exact
Preservation,"The Lower German frontier is internationally renowned for the excellent preservation of organic remains, a result of its position in a lowland riverine landscape",948.0,1.0,exact
Environmental variation,the dynamics of the river Rhine have also led to erosion in some areas. ,948.0,1.0,exact
Environmental variation,", the river has remained very active in the medieval and early modern periods. ",948.0,1.0,exact
Environmental variation,"Areas particularly affected by river migration are those (i) from Dormagen to Moers Asberg, (ii) near xanten-Fürstenberg and xanten-CUT, (iii) from Kleve-Keeken to Arnhem-Meinerswijk and (iv) approximately halfway between Arnhem-Meinerswijk and Bunnik-Vechten",949.0,1.0,fuzzy
Water management,"In the Netherlands the coastal dunes and primary dikes protect against water levels which may occur with probabilities varying from 1/300 to 1/10,000 per year",950.0,1.0,exact
Water management,"Component parts/ clusters located outside these risk areas (i.e. not exposed to flooding) are those in Voorburg-Arentsburg, Leiden Roomburg, Utrecht-Hoge Woerd, Utrecht-Domplein and Nijmegen and Berg en Dal",950.0,1.0,exact
Water management,The only component part not protected by the primary river dikes is Arnhem-Meinerswijk,950.0,1.0,exact
Monitoring,Permanent monitoring of the nominated property is essential for its preservation,957.0,1.0,exact
Monitoring,closely monitor the state of conservation as well as possible threats that could harm aspects of the Outstanding Universal Value,957.0,1.0,exact
Monitoring,"The monitoring provides input for the periodic reporting, which in principle takes place every six years",958.0,1.0,exact
Monitoring,The periodic monitoring questionnaires will be completed by the MG-LGL in cooperation with the site managers on the basis of the measures recorded in the above-mentioned databases. ,959.0,1.0,exact
Knowledge transfer,Researchers and governments work together on preservation and knowledge development,967.0,1.0,exact
Conservation,"Where needed for sustainable projection, extra protection measures for properties and buffer zones are devised and implemented",967.0,1.0,exact
Research,a joint research strategy will be developed to ensure better understanding of the Limes as a whole and of its protection,968.0,1.0,exact
Stakeholder collaboration,Partners will work on a joint communication strategy reflecting the transnational character of the Lower German Limes,968.0,1.0,exact
Coherence,A common interpretation framework and common standards to guide on-site presentation will be developed,968.0,1.0,exact
Coherence,"At FRE level there is alignment with regard to preservation, interpretation, research and public access",923.0,1.0,exact
Knowledge transfer,International exchange of knowledge between partners of the FRE will be facilitated and strengthened where needed,969.0,1.0,exact
Knowledge transfer,"Partners will explore opportunities to develop joint projects in the fields of preservation, research, public access and interpretation",969.0,1.0,exact
Monitoring,The partners will establish joint monitoring and evaluation standards,969.0,1.0,exact
Knowledge transfer,The Lower German Limes is used as an educational resource in primary and secondary education. ,923.0,1.0,exact
Knowledge transfer,More attention will be paid to the Dutch-German Limes in primary and secondary education,970.0,1.0,exact
Knowledge transfer,with a focus on greater awareness of the Lower-German Limes as a valuable historical structure linked to the core values of UNESCO. ,970.0,1.0,exact
Knowledge transfer,Frontiers of the Roman Empire – The Lower German Limes is a source of inspiration for the local environment/communities,924.0,1.0,exact
Knowledge transfer,The residents are proud of the presence of the historical frontier,971.0,1.0,exact
Stakeholder collaboration,ensuring that all stakeholders are aware of the importance of the Site and feel they can contribute effectively to its management,977.0,1.0,exact
Knowledge transfer,Key tasks will include sharing best practices,981.0,1.0,exact
Research,"This group will be responsible for developing a research strategy to better understand the Lower German Limes, identify gaps in existing knowledge, and identify potential research themes",981.0,1.0,exact
Research,The Research Strategy will be connected to the NOaA (National Research agenda on Archaeology) and other relevant archaeology research projects.,981.0,1.0,exact
Knowledge transfer,"Annual network meetings involving all partners provide opportunities for site visits, and learning and exchange of best practice",982.0,1.0,fuzzy
Conservation,"adequate protection by the state, provinces, municipalities and water boards",989.0,1.0,exact
Stakeholder collaboration,clear agreements about how to deal with unforeseen situations and risks (escalations),989.0,1.0,exact
Framework,"Protection of the buffer zones is regulated by the provincial Environmental Ordinances and the municipal land use plans (to be replaced by environment plans under the new Environment and Planning Act, as of 1-1-2021",991.0,1.0,exact
Legislation,"Multiple international conventions, regulations and charters that have been adopted by the Netherlands are relevant for the protection Lower German Limes",993.0,1.0,exact
Legislation,These regulations are integrated into Dutch national legislation and will be followed in managing the Frontiers of the Roman Empire – The Lower German Limes World Heritage site,993.0,1.0,exact
Legislation,"From January 2021 protection of the Lower German Limes will be effected through the Environment and Planning Act and its associated legal instruments, and through the Heritage Act that entered into force in 2016.",994.0,1.0,exact
Legislation,"The Environment and Planning Act is the national law that provides a legal framework for regulations relating to land-use planning, environmental protection, nature conservation, construction of buildings, protection of cultural heritage, water management, urban and rural redevelopment, development of major public and private works, mining and quarrying",997.0,1.0,exact
Legislation,"The Environment and Planning Act was adopted in 2016 and integrates numerous sectoral laws, including the Water Act and the Spatial Planning Act. ",997.0,1.0,exact
Framework,"A key instrument of the Environment and Planning Act is the National Environment Vision, which sets out national goals and ambitions, including goals relating to cultural heritage.",998.0,1.0,exact
Framework,the Living Environment Quality Decree [Besluit kwaliteit leefomgeving] and the Living Environment Activities Decree [Besluit activiteiten leefomgeving] provide regulations that safeguard the OUV on a national level. ,998.0,1.0,exact
Conservation,Protection of the existing landscape and heritage values is a predominant part of the ambition.,1001.0,1.0,exact
Framework,"the environmental vision plan is accompanied by an Environmental Ordinance, which takes into account the instructional regulations set out at national level",1001.0,1.0,exact
Framework,PROVINCE OF SOUTH HOLLAND: Environmental Vision [Omgevingsvisie Zuid-Holland] (2019),1004.0,1.0,exact
Framework,PROVINCE OF SOUTH HOLLAND: Environmental Ordinance [Omgevingsverordening Zuid-Holland] (2019) Of 2020,1004.0,1.0,exact
Framework,PROVINCE OF UTRECHT: Environmental Vision and Environmental Ordinance 2021,1004.0,1.0,exact
Framework,PROVINCE OF GELDERLAND:  Environmental Ordinance [Omgevingsverordening Gelderland] (2018) (2020),1004.0,1.0,exact
Water management,Water regulations ,1002.0,1.0,exact
Legislation,Water level maintenance is covered by the Water Act [Waterwet],1002.0,1.0,exact
Water management,"For those component parts where organic material is part of the Outstanding Universal Value, a sufficient groundwater level is essential to maintain the quality of the sites",1002.0,1.0,exact
Legislation,Under Article 5 of the Water Act regional water boards can issue a water level decision [peilbesluit].,1002.0,1.0,exact
Legislation,This is a legal document in which a water board lays down the water levels that it maintains within a certain area,1002.0,1.0,exact
Water management,"In managing the ground water level, water boards follow the functions as laid down in the environmental vision",1002.0,1.0,exact
Legislation,Municipalities are obliged to integrate archaeological policy into their land-use plans,1005.0,1.0,exact
Framework,"Under the new Environment and Planning Act, municipalities have to develop a self-binding environment vision and legally binding environment plan, which integrates spatial planning with sectoral regulations",1005.0,1.0,exact
Legislation,the new Environment and Planning act requires that a listed archaeological monument is integrated into these plans. ,1006.0,1.0,exact
Framework,This Interpretation Framework identifies several key interpretive themes for the history of the Roman presence along the Rhine ,1037.0,1.0,exact
Knowledge transfer,provides guidance on the presentation of these storylines through spatial planning and through displaying material culture associated with the Lower German Limes at visitor information points and museums,1038.0,1.0,exact
Knowledge transfer,"sets out guidelines to help local organisations present the frontier using a variety of interpretive media, supporting local partners in building or improving their presentation of the Lower German Limes",1038.0,1.0,exact
Heritage inclusion,The framework presents an overall the matic structure comprising eight diverse themes relevant to interpreting the values of the Lower German Limes,1038.0,1.0,exact
Conservation,The wooden gear is maintained in accordance with Eisinga’s 1784 instruction book,1189.0,2.0,exact
Conservation,authentic materials have been used and/or parts manufactured in accordance with the original version,1190.0,2.0,exact
Conservation,"But thanks to a very strict maintenance regime, almost all of the original parts have been preserved",1228.0,2.0,exact
Coherence,The integrity of the property is therefore 100%. ,1228.0,2.0,exact
Conservation,Eisinga’s handwritten maintenance instruction – which is to be found in the Franeker municipal archives and which has also been digitised – serving as a guideline,1235.0,2.0,exact
Coherence,authentic materials have been used and parts have been manufactured in accordance with the original version,1235.0,2.0,exact
Conservation,The continuity of maintenance is based on the handwritten maintenance instruction compiled by Eise Eisinga in 1784.,1237.0,2.0,exact
Legislation,"World Heritage occupies a special, state-controlled position in the Environment and Planning Act. ",1241.0,2.0,exact
Framework,The state provides mandatory instruction rules for provinces and municipalities in order to regulate matters in their environmental ordinance or environmental plan,1241.0,2.0,exact
Framework,. All the rules relating to the physical living environment are included in the environmental plan,1241.0,2.0,exact
Framework,"This concerns a balanced allocation of functions to locations (comparable to the current designations), as well as rules in respect of activities with consequences for the physical living environment. ",1241.0,2.0,exact
Legislation,"The care for the preservation of cultural heritage in the physical living environment and for world heritage will be transferred to the Environment and Planning Act, which is expected to enter into force on 1 July 2022",1242.0,2.0,exact
Legislation,"both the granting of permits for national monuments and the protection of protected cityscapes, townscapes and villagescapes will also be transferred to the Environment and Planning Act",1241.0,2.0,split (first half)
Legislation,"both the granting of permits for national monuments and the protection of protected cityscapes, townscapes and villagescapes will also be transferred to the Environment and Planning Act",1242.0,2.0,split (second half)
Framework,Municipalities must provide adequate protection in this respect in the (municipal) environmental plan,1242.0,2.0,exact
Legislation,Another important legal protection regime applies to the status of protected cityscape of the inner city of Franeker (now part of the municipality of Waadhoeke) since 1979. ,1242.0,2.0,exact
Framework,"mainly at the historical characteristics, the urban planning structure and the layout of the public space.",1243.0,2.0,exact
Conservation,"thanks to a very strict maintenance regime, almost all of the original parts have been preserved",1228.0,2.0,exact
Conservation,The consistent practice of management and maintenance over a period of almost 250 years has proven to be extremely sustainable,1254.0,2.0,exact
Conservation,"This was established mainly in order to safeguard continuity: not a foundation board, but the community, or the municipality, is the owner, to perpetuate the sustainability over the years",1255.0,2.0,exact
Framework,"The entire buffer zone falls within the boundaries of one zoning plan, namely the ‘Franeker – Inner City’ zoning plan dating from 2016",1243.0,2.0,exact
Framework,This zoning plan was adopted by the city council on 27 October 2016.,1265.0,2.0,exact
Assessment,spatial plans in the planning area are assessed and must meet criteria that guarantee the preservation of the historical characteristics,1265.0,2.0,exact
Framework,"the designation ‘Value – Protected Cityscape’, applies to the entire planning area. ",1265.0,2.0,exact
Legislation,"all the grounds in the city centre are intended for the preservation, restoration and expansion of the existing cultural heritage and spatial values referred to in the 1979 Designation Decree",1266.0,2.0,exact
Legislation,This Designation Decree forms an integral part of the zoning plan and is also summarised in the elaboration of the zoning plan,1266.0,2.0,exact
Legislation,"The designation ‘Value – Protected Cityscape’ also contains a legal translation of the intention of the Designation Decree for the protected cityscape,",1265.0,2.0,split (first half)
Legislation,"The designation ‘Value – Protected Cityscape’ also contains a legal translation of the intention of the Designation Decree for the protected cityscape,",1266.0,2.0,split (second half)
Framework,The zoning plan for the inner city provides an elaboration of the instruction in the Designation Decree to ensure appropriate protection of the protected cityscape,1267.0,2.0,exact
Legislation,The Environment and Planning Act is expected to enter into force as from 2022,1268.0,2.0,exact
Legislation,"Through this Act the government means to simplify, and where possible merge, rules for the physical living environment.",1268.0,2.0,exact
Framework,"By 2029 at the latest, every municipality must have an environmental plan that meets all the legal requirements of the Environment and Planning Act",1268.0,2.0,fuzzy
Framework,"Ultimately, the environmental plan must contain a so-called balanced allocation of functions",1270.0,2.0,exact
Heritage inclusion,The Environment and Planning Act requires that the municipality must take due account of the importance of the preservation of cultural heritage and the preservation of the Outstanding Universal Value of World Heritage,1270.0,2.0,fuzzy
Legislation,Article 2.28 of the Environment and Planning Act states that mandatory instruction rules apply to the environmental plan,1271.0,2.0,exact
Legislation,These instruction rules are included in articles 5.130 and 5.131 of the Decree on the quality of the living environment,1271.0,2.0,exact
Framework,"It is evident from the Building Aesthetics Policy Document that plans should not only be assessed as separate entities, but also in conjunction with the environment",1272.0,2.0,split (first half)
Framework,"It is evident from the Building Aesthetics Policy Document that plans should not only be assessed as separate entities, but also in conjunction with the environment",1273.0,2.0,split (second half)
Conservation,"In this way, the characteristic street and building image of the historic inner city is safeguarded",1273.0,2.0,exact
Conservation,"For the protected cityscape, this means that the preservation or the reinforcement of the unique character of the historic inner city will always primarily be the starting point",1273.0,2.0,exact
Framework,"It is worth mentioning that the Building Aesthetics Policy Document, too, will eventually become part of the environmental plan, obviously based on the framework of the Environment and Planning Act.",1274.0,2.0,exact
Conservation,The basis for this was laid in 1783 in a manual written by Eise Eisinga for his sons.,1279.0,2.0,exact
Knowledge transfer,"The knowledge gained during this work is passed on from one curator to the next, on the basis of Eise Eisinga’s original instructions and the (digital) documentation of knowledge and experience. ",1279.0,2.0,exact
Conservation,"After Eisinga’s death in 1828, curators have always been responsible for the conservation and the maintenance of the Planetarium",1279.0,2.0,exact
Conservation,Conservation and maintenance are aimed at preserving Eisinga’s original work.,1283.0,2.0,exact
Prohibition," negative influence or threats can never be ruled out completely, both in terms of property-related factors and environmental factors.",1288.0,2.0,exact
Climate change,Flooding as a result of a calamity ,1289.0,2.0,exact
Climate change,dykes breaching or flooding,1289.0,2.0,exact
Climate change,"the probability of this in Fryslân, based on the standard frequency in the Water Act, is on average once every 4,000-10,000 years",1289.0,2.0,exact
Climate change,Climate change resulting in sea level rise and an increase in the number of severe autumn storms,1289.0,2.0,exact
Soil subsidence,the soil is slowly descending,1291.0,2.0,exact
Soil subsidence,"this is the result of natural processes, such as the subsidence of the shallow subsoil",1291.0,2.0,exact
Soil subsidence,"Together, natural processes and human interventions cause this autonomous subsidence of the surface level",1292.0,2.0,exact
Soil subsidence,"In the north-west of Friesland, the autonomous subsidence varies on average from less than 1 millimetre to several millimetres per year",1292.0,2.0,exact
Climate change,"In the Netherlands, the chance of severe autumn storms (wind force 11 or more) is currently not very great yet (once every fifteen years), but could increase sharply due to global warming ",1297.0,2.0,exact
Climate change,One of the types of natural disaster is flooding,1298.0,2.0,exact
Climate change,"The risk of flooding and excess water will increase due to a number of causes, such as rising sea levels, soil subsidence and urbanisation",1298.0,2.0,exact
Legislation,there is a Delta Act that makes it mandatory to draw up a Delta programme that ensures that the Netherlands is well protected against flooding,1299.0,2.0,exact
Legislation,"The Water Act, in combination with provincial ordinances that describe the kind of safety the flood defences must provide.",1299.0,2.0,exact
Assessment,Implement protocol for undertaking annual assessments on the environmental circumstances and prospect of environmental issues,1368.0,2.0,exact
Assessment,Establish process for undertaking annual assessments on the environmental circumstances and prospect of environmental issues,1369.0,2.0,exact
Assessment,Protocol environment and property: Implement protocol for undertaking annual assessments of the environmental circumstances and prospect of environmental issues,1479.0,2.0,exact
Conservation,Make water elements in the landscape visible ,1759.0,3.0,exact
Knowledge transfer,show the role of water in history,1759.0,3.0,exact
Heritage inclusion,Protect the outstanding values of the heritage site and prevent any impairment of those values,1759.0,3.0,exact
Conservation,Make the forts and the New Dutch Waterline landscape increasingly self-sufficient ,1761.0,3.0,exact
Legislation,creating uniformity of protection in provincial by-laws on the environment (2018-2020). ,1762.0,3.0,exact
Coherence,creating one single joint quality handbook for the Dutch Water Defence Lines (2019). ,1762.0,3.0,exact
Coherence,arrive at one uniform model strategy for Supervision and Enforcement Policy for the whole site and its surrounding area (2019). ,1762.0,3.0,exact
Knowledge transfer,The strengthened combination of water retention and inundation fields presents the possibility of enabling people to experience the workings of the Water Management System and of linking it to the story of the Dutch Water Defence Lines,1981.0,3.0,exact
Water management,Strengthening dykes can impair structures such as sluices or break the connection with other elements. ,1982.0,3.0,exact
Management variation,The challenge is to strengthen this coherence and possibly even restore structures. ,1982.0,3.0,exact
Water management,The New Dutch Waterline is located in an area of varied water management,1987.0,3.0,exact
Water management,"water in the area requires more space for water retention and measures for flood protection, such as dyke reinforcement. ",1987.0,3.0,exact
Coherence,comprehensive water management mainly offers opportunities. ,1987.0,3.0,exact
Framework,"With ‘Room for the River’ (Ruimte voor de rivier), the Dutch government opted to ensure the required safety as far as possible by taking measures that stop the high water levels from continuing to rise.",1988.0,3.0,exact
Water management,with measures being taken both outside and inside the dykes.,1988.0,3.0,exact
Heritage inclusion,the heritage of the Dutch Water Defence Lines was also used to help achieve the twin goals.,1988.0,3.0,exact
Heritage inclusion,It was above all the established water and nature related tasks that were seen as an opportunity to make the rich history of the New Dutch Waterline clear and comprehensible. ,1989.0,3.0,exact
Stakeholder collaboration,Room for the River is implemented in intensive cooperation between the national government and regional governments. ,1989.0,3.0,exact
Water management,"The Delta Programme is the follow-up programme that anticipates climate change and the increased incidences of excess water that are to be expected. In this context, the northern side of the Lek Dyke will be tackled near Fort Honswijk.",1989.0,3.0,exact
Environmental variation,Measures aimed at limiting or countering the effects of climate change will bring about various changes in the living environment. ,1995.0,3.0,exact
Climate change,"The most radical are the changes to be expected in the levels and distribution of precipitation over the seasons, and their effects on water management ",1995.0,3.0,exact
Conservation,"particularly the major rivers, this means that dykes will need to be strengthened in some places. ",1995.0,3.0,exact
Water management,water retention locations are being sought for temporary water storage,1995.0,3.0,exact
Water management,"With the right designs, this spatial planning challenge could contribute to making the Dutch Water Defence Lines easier to understand and recognise, by converting former inundation fields into areas for water retention. ",1996.0,3.0,exact
Knowledge transfer,"the water retention site – and former inundation polder – of Blokhoven, where once every fortnight it is possible to experience how the water system of the New Dutch Waterline worked.",1996.0,3.0,exact
Conservation,"In 2018, preparations are being made to strengthen the dyke between Gorinchem and Waardenburg over a length of 23 kilometres.",1996.0,3.0,exact
Heritage inclusion,"the Outstanding Universal Value is considered in the design phase of the dyke-strengthening, for example around the Honswijk-Everdingen fort complexes.",1996.0,3.0,exact
Conservation,"Cultivating biomass does preserve the green character of the land, but a careful consideration of the type of biomass (choice of crop) and its location continues to be of great importance",2000.0,3.0,exact
Adaptation,"There are of course opportunities for strengthening these features, for example through rewetting, combined with biomass in the form of reed beds in the inundation fields. ",2000.0,3.0,exact
Climate change,storms and hail can cause damage to crops and buildings. ,2001.0,3.0,exact
Water management,"Due to the robust nature of the military fortifications, the water systems and the inundation basins, the impact of such weather events can be considered to be negligible.",2002.0,3.0,exact
Climate change,"Climate change increases the chance of extreme flooding, but also of drought.",2002.0,3.0,exact
Water management,"The Defence Line of Amsterdam and its surrounding area have great resilience in anticipating and dealing with such conditions, specifically because of the ingenious water system",2002.0,3.0,exact
Restoration,"challenge presented by water is properly managed through the water authorities and damage due to climate, the environment or a disaster will be repaired where necessary and where possible. ",2002.0,3.0,exact
Adaptation,Water authorities are actively exploring the possibilities of using the Dutch Water Defence Lines to anticipate climate adaptation. ,2002.0,3.0,exact
Human activities,• Invasive Alien Species ,1629.0,3.0,exact
Framework,"the purpose of the SIMP, as agreed by the TWSC and stated in Annex 1 of the Leeuwarden Declaration (2018), is to further facilitate the continuous improvement of management for the protection and maintenance of the Outstanding Universal Value ",2061.0,4.0,exact
Multi-level management,"1. providing a clear overarching description of the managment system at the regional, national, and trilateral level; ",2061.0,4.0,fuzzy
Heritage inclusion,addressing key topics presenting specific current and potential impacts to the Outstanding Universal Value which have been prioritised as pending management tasks,2061.0,4.0,exact
Heritage inclusion,present existing joint management activities across the property and showcase gaps which need enhanced joint efforts to maintain or enhance the area’s Outstanding Universal Value,2062.0,4.0,exact
Framework,"The SIMP for the Wadden Sea is a political agreement of the Trilateral Wadden Sea Cooperation (TWSC), meaning it is a legally non-binding document of common political interest",2062.0,4.0,exact
Legislation,"Existing policy documents and legally binding instruments at the trilateral, regional, national, and local level are not altered or affected by the SIMP",2042.0,4.0,exact
Multi-level management,The SIMP does not change either the content or the function of existing national or trilateral plans; ,2062.0,4.0,exact
Framework,it is complementary to the Wadden Sea Plan 2010 ,2062.0,4.0,exact
Multi-level management,The SIMP acts as an umbrella for existing plans and policies and provides information on how these are implemented trilaterally for nature conservation management,2063.0,4.0,exact
Heritage inclusion,The focus of the SIMP is the Wadden Sea World Heritage Site and the conservation of its Outstanding Universal Value ,2063.0,4.0,exact
Multi-level management,"The SIMP presents (Fig. 2) a clear overview of the nature conservation management structures in Denmark, Germany, and the Netherlands and at the trilateral level, describes how the work is done together",2063.0,4.0,exact
Coherence,"In the process of developing the SIMP (Fig. 3), five aspects have been prioritised as key topics for joint management.",2064.0,4.0,exact
Framework,The SIMP key topics are related to human activities relying on ecosystem services and taking place inside of and adjacent to the World Heritage property.,2064.0,4.0,exact
Framework,The five key topics are: 1) Fisheries; 2) Tourism; 3) Shipping and Ports; 4) Renewable Energy and Energy from Oil and Gas; and 5) Coastal Flood Defence and Protection. ,2047.0,4.0,exact
Multi-level management,These key topics were identified in an iterative and participative process involving nature conservation institutions at different levels and considering the Wadden Sea’s site managers’ recommendations,2064.0,4.0,exact
Conservation,if practices in the key topics evolve towards more sustainability this can support the area’s conservation.,2065.0,4.0,exact
Management variation,these topics are challenging since the work of the TWSC on these topics has to actively engage the competent authorities and integrate the range of competences of site managers in those key topics,2065.0,4.0,exact
Multi-level management,Addressing these at a trilateral level leverages the existing opportunities,2065.0,4.0,exact
Multi-level management,"Science and Research, Monitoring and Assessment, Knowledge Management, Education, Communication, and Collaboration and Partnerships are fundamental complementary activities to support management in the Wadden Sea",2055.0,4.0,exact
Knowledge transfer,the SIMP shows how the TWSC is addressing the overarching effects of climate change,2066.0,4.0,exact
Knowledge transfer,the SIMP highlights the Wadden Sea World Heritage Site’s global role and its link to global responsibilities,2042.0,4.0,exact
Stakeholder collaboration,Cooperation with partners worldwide is instrumental in and supportive of the long-term protection of the Wadden Sea,2066.0,4.0,exact
Multi-level management,The SIMP compiles the status and management approaches to managing the key topics affecting the property addressed in a comprehensible and accessible way,2069.0,4.0,exact
Heritage inclusion,The SIMP links each key topic directly to the OUV,2069.0,4.0,exact
Knowledge transfer,"The SIMP contributes to the definition of feasible and innovative means to further the exchange of management approaches, experience, knowledge, and lessons learned at different levels of management",2069.0,4.0,exact
Management variation,The SIMP acknowledges existing differences in the legal responsibilities and competences of site managers in the three countries,2071.0,4.0,exact
Monitoring,The regular reports will highlight progress made done trilaterally and by each country in implementing SIMP activities,2071.0,4.0,exact
Human activities,"Key threats include fisheries activities, developing and maintaining harbours, industrial facilities surrounding the property including oil and gas rigs and wind farms, maritime traffic, residential and tourism development, and impacts from climate change",2076.0,4.0,exact
Framework,The Trilateral Wadden Sea Cooperation (TWSC) provides the overall framework and structure for integrated conservation and management of the Wadden Sea World Heritage Site as a whole,2076.0,4.0,exact
Multi-level management,"the Wadden Sea’s highly effective conservation status is the result of four decades of joint nature protection efforts of Denmark, Germany, and the Netherlands",2076.0,4.0,exact
Conservation,"the Wadden Sea has been designated as national parks, nature reserves, and Natura 2000 sites",2077.0,4.0,exact
Legislation,Each State Party has comprehensive legal protection measures in place.,2077.0,4.0,exact
Multi-level management,"Working together in the TWSC, these countries ensure coordinated management of the area",2077.0,4.0,exact
Conservation,"At the beginning of the Trilateral Wadden Sea Cooperation in the late 70s, nature conservation management of the Wadden Sea was mainly a national matter",2077.0,4.0,exact
Conservation,"for the past 30 years, the European Union (EU) has made increasing efforts to protect European natural heritage",2077.0,4.0,exact
Legislation,The present-day management system of the Wadden Sea World Heritage Site is almost entirely covered by EU law and international conventions,2078.0,4.0,exact
Legislation,"In 1979 the EU Birds Directive (2009/147/EC) was adopted, which was the first EU regulation aimed at protecting the environment",2078.0,4.0,exact
Legislation,"The environmental laws comply with the principle of subsidiarity, leaving it as far as possible to the responsible authorities to set up their priorities and manage their programmes",2078.0,4.0,exact
Multi-level management,"At the same time, these differences between the countries can also be utilised for strengthening nature management by aiming for the best possible effect of policy and measures for nature.",2079.0,4.0,exact
Legislation,the EU Birds Directive and EU Habitats Directives were transposed through the Nature Conservation Law 1998. ,2082.0,4.0,exact
Legislation,"The Nature conservation Law 1998 has been replaced by the Law on Nature Conservation (2015), which continues to implement both the EU Birds and EU Habitats Directives, as well as the WFD",2082.0,4.0,exact
Legislation,The entire Dutch Wadden Sea has been designated as a protected area under these three EU Directives,2082.0,4.0,exact
Legislation,the management system of the Wadden Sea World Heritage Site is based on existing national protection and management systems ,2082.0,4.0,exact
Framework,"supplemented by trilaterally coordinated management, including a number of trilateral plans, strategies, and action plans ",2082.0,4.0,exact
Framework,The Trilateral Wadden Sea Plan 2010 (WSP) constitutes the common framework for the protection and sustainable management of the Wadden Sea as an ecological entity ,2083.0,4.0,exact
Coherence,"The WSP presents the trilaterally agreed targets, policies, and measures for the Wadden Sea Cooperation Area as an ecological entity, as well as its landscape and cultural heritage, within the cultural entities",2083.0,4.0,exact
Coherence,"The targets agreed upon for landscape and culture, water and sediment, salt marshes, the tidal area, beaches and dunes, estuaries, the offshore area, the rural area, birds, marine mammals, and fish are the basis for the trilaterally and regionally existing topic specific visions, strategies, and plans.",2083.0,4.0,fuzzy split (first half)
Coherence,"The targets agreed upon for landscape and culture, water and sediment, salt marshes, the tidal area, beaches and dunes, estuaries, the offshore area, the rural area, birds, marine mammals, and fish are the basis for the trilaterally and regionally existing topic specific visions, strategies, and plans.",2084.0,4.0,fuzzy split (second half)
Legislation,"Natura 2000 Directives (Birds Directive 2009/147/EC and Habitats Directive 92/43/EEC)
 Birds: 1979 Habitats: 1992
 Transposed in the Law on Nature Conservation. 

Natura 2000 plans are reviewed and updated periodically.
 
 ",2088.0,4.0,exact
Legislation,"Water Framework Directive 2000/60/ EC
 2000
 Transposed in the Law on Nature Conservation, the Water Law, the National Water Policy Plan, the Regional Water Policy plans of the provinces.
 
 ",2089.0,4.0,exact
Legislation,"Marine Strategy Framework Directive 2008/56/EC
 2008
 The Marine Strategy Framework Directive is not implemented in the Dutch Wadden Sea.
 
 ",2091.0,4.0,exact
Legislation,"Marine Spatial Planning Directive 2014/89/EU
 2014
 Transposed in the National Water Policy plan
 
 ",2092.0,4.0,exact
Conservation,"In the context of the SIMP, site managers are professionals with direct responsibilities for nature conservation and management of the Wadden Sea World Heritage Site",2043.0,4.0,exact
Framework,"The Operational Guidelines for the Implementation of the World Heritage Convention (§ 111) state that a management cycle of planning, implementation, monitoring, evaluation, and feedback is among the elements of effective management ",2109.0,4.0,exact
Framework,"The Wadden Sea Plan 2010 was adopted at the 8th Trilateral Governmental Conference in Stade in 1997 and updated in 2010 (Sylt Declaration 2010) to take into account the inscription of the Dutch-German Wadden Sea as a World Heritage Site, as well as new developments in EU Directives",2110.0,4.0,exact
Stakeholder collaboration,"agreements are made between the governments, which are relevant for all areas of the cooperation, such as management, monitoring, and international cooperation.",2111.0,4.0,exact
Coherence,The declarations are therefore an integral part of the total protection and management scheme of the property to which the governments have committed themselves and are politically binding for the appropriate authorities in the three countries,2111.0,4.0,exact
Legislation,"At the national level, management and monitoring activities are guided by the requirements of the national management systems and relevant EU law",2111.0,4.0,exact
Multi-level management,"Trilateral visions, policies, and agreements are implemented in the three countries according to their laws, management structures, political frameworks, and cultures",2112.0,4.0,exact
Stakeholder collaboration,"Examples of successful joint projects that promoted the development and current implementation of the Sustainable Tourism Strategy are Interreg projects PROWAD3, PROWAD LINK4, Wadden Agenda and Wadden Agenda 2.05, and NAKUWA6",2112.0,4.0,exact
Stakeholder collaboration,"""Building with Nature""7 is an example of successful transnational cooperation, which has demonstrated numerous solutions for dealing sustainably with coastal protection and erosion in the context of climate adaptation measures",2113.0,4.0,exact
Stakeholder collaboration,The Wadden Sea Flyway Initiative (WSFI) collaborates with partners beyond the trilateral cooperation to jointly protect and manage important sites along the East Atlantic Flyway ,2113.0,4.0,exact
Coherence,The Trilateral Monitoring and Assessment Programme (TMAP) is one of the cornerstones of the TWSC,2113.0,4.0,exact
Assessment,"The aims of the trilateral Wadden Sea monitoring, assessment, and research are to:
• provide a scientific assessment of the ecosystem status,
• assess the implementation status of the WSP Ecological Targets, 
• use ecological monitoring and assessment to fulfil UNESCO obligations for the World Heritage Site",2114.0,4.0,exact
Assessment,Assessment results are presented in periodic Quality Status Reports (QSR) authored by TWSC experts and independent scientists,2114.0,4.0,exact
Monitoring,"the three countries are obliged to monitor the conservation status for all habitats and species (§ 11 of the Habitats Directive) of community interest (as listed in Annex I, II, IV and V) and bird species under the Birds Directive as well as the status of marine waters under the Water Framework and the Marine Strategy Framework Directives",2115.0,4.0,exact
Monitoring,"Since 1993, the TWSC between Denmark, Germany, and the Netherlands has periodically produced QSRs describing and evaluating the current ecological status of the Wadden Sea",2115.0,4.0,exact
Assessment,"The QSRs identify changes in this status and their possible causes, classify issues of concern, and indicate possible measures for improvement, including evaluation of the likely effectiveness of these measures",2115.0,4.0,exact
Monitoring,"Between 1993 and 2022, six QSRs were produced.",2116.0,4.0,exact
Monitoring,the World Heritage Committee may request the State Parties to report on the state of conservation of the property through the reactive monitoring procedure,2116.0,4.0,exact
Monitoring,"In the reactive monitoring procedure, the State Parties must submit specific reports and impact studies each time exceptional circumstances occur, or work is undertaken which may have an impact on the Outstanding Universal Value of the property or its state of conservation ",2116.0,4.0,exact
Monitoring,"each EU member state reports every six years about the progress made on the implementation of the Habitats Directive, specifically on the status and trends of the habitat types and species (§ 17, Habitats Directive Reporting), as well as the Birds Directive, Water Framework Directive, and the Marine Strategy Framework Directive",2117.0,4.0,fuzzy
Knowledge transfer,"During the Wadden Sea Conferences (including the International Scientific Wadden Sea Symposium (ISWSS), the Youth Conference, the Wadden Sea Day, and additional thematic workshops), the research community, site managers, environmental NGOs, stakeholders, and the younger generation, give their views and advice on management and political decisions addressing the Trilateral Governmental Council.",2119.0,4.0,exact
Assessment,serve to assess the implementation of the planning instruments in terms of policy and management and to prioritise the issues that need further attention,2120.0,4.0,exact
Heritage inclusion,World Heritage Site status has been an integral part of all phases of the Wadden Sea management cycle,2120.0,4.0,exact
Climate change,"Enhanced sea level rise may seriously affect structure, functions, and the characteristic biodiversity of the Wadden Sea ecosystem.",2121.0,4.0,exact
Climate change,large sea level rise may lead to a significant reduction in tidal flats and salt marshes as well as in safety of the inhabitants of the region,2121.0,4.0,exact
Climate change,", climate change may severely impact the present distribution and abundance of species.",2122.0,4.0,exact
Water management,Sufficient freshwater availability during the growing season and as an input into the estuarine areas should not be overlooked.,2122.0,4.0,exact
Framework,"Adaptation measures in the Wadden Sea are guided by the Trilateral Climate Change Adaptation Strategy (CCAS ), which was adopted by the responsible ministers in awareness of these implications at the 12th Trilateral Governmental Conference on the Protection of the Wadden Sea in Tønder, Denmark in 2014",2122.0,4.0,exact
Framework,The aim of this strategy is to enhance and promote policies and measures necessary for increasing the natural resilience of the Wadden Sea,2123.0,4.0,exact
Assessment,A trilateral expert group evaluates the possible impacts of climate change and looks at possible strategies for adaptation in the Wadden Sea Region,2123.0,4.0,exact
Assessment,"seven strategic objectives and guiding principles are considered, such as the use of natural dynamics and flexibility, interconnectivity of habitats, as well as site-specific approaches, trilateral cooperation with long-term planning, and the participatory approach.",2123.0,4.0,exact
Coherence,"The implementation of the strategy focuses on trilateral cooperation, not only in the application of responses, but also in the areas of policies and management, monitoring and evaluation, and communication and education",2124.0,4.0,exact
Climate change,"Particular attention is paid to sea level rise and increasing sea and air temperatures, also underlined by the CVI process results.",2124.0,4.0,exact
Knowledge transfer,Responses to adapt to sea level rise build upon locally and regionally established scientific and technical support.,2124.0,4.0,exact
Water management,"increase in activities for coastal flood defence and protection, such as dyke strengthening and sand nourishment.",2124.0,4.0,exact
Multi-level management,Local and global climate mitigation measures are imperative for combating climate change impacts,2125.0,4.0,exact
Adaptation,"Mitigation measures in the Wadden Sea aim at developing the Wadden Sea Region into a CO2 neutral area, as already stated in the Sylt Declaration already in 2010.",2125.0,4.0,exact
Stakeholder collaboration,"the Trilateral Wadden Sea Cooperation (TWSC) agreed to “support the global and national efforts to mitigate causes of climate change at the regional level, by calling especially upon local and regional competent authorities and stakeholders”",2126.0,4.0,exact
Framework,CO2 reduction policies and plans at the national and regional levels include the transition to renewable energy.,2046.0,4.0,exact
Heritage inclusion,The focus will be on the support of mitigation measures and initiatives that contribute to decarbonisation while not challenging the safe guarding of the OUV and its key features,2126.0,4.0,fuzzy
Knowledge transfer,"Stimulate and maintain trilateral knowledge exchange and interdisciplinary discussions about, among others best practices for adapting to climate change",2127.0,4.0,exact
Restoration,projects for restoring and re-dynamizing threatened habitats as an adaptation measure,2127.0,4.0,exact
Heritage inclusion,methods to limit the damage or prevent negative impact of climate change on the OUV,2127.0,4.0,exact
Heritage inclusion,the cumulative and combined effects of both climate change and human use to advise permitting procedures,2127.0,4.0,exact
Water management,water withdrawal and water management on the islands,2127.0,4.0,exact
Knowledge transfer,"improve knowledge about the potential effects of climate change on economic, social, and cultural aspects.",2127.0,4.0,exact
Knowledge transfer,Integrate and mainstream the Trilateral Climate Change Adaptation Strategy into all activity fields and make it more publicly known,2127.0,4.0,exact
Monitoring,Continue monitoring the Trilateral Climate Change Adaptation Strategy and embed the results in long term trilateral climate change policies,2127.0,4.0,split (first half)
Monitoring,Continue monitoring the Trilateral Climate Change Adaptation Strategy and embed the results in long term trilateral climate change policies,2128.0,4.0,split (second half)
Heritage inclusion,"Improve communication on OUV key values and climate change effects on the ability of the Wadden Sea to deliver ecosystem services in relation to economic, social, and cultural values",2128.0,4.0,exact
Heritage inclusion,Strengthen support for initiatives aimed at reducing the Wadden Sea Region's CO2 emissions in order to contribute to overall EU CO2 reduction targets,2128.0,4.0,exact
Adaptation,"the decarbonization of the energy sector, traffic sector, and tourism sector",2128.0,4.0,exact
Research,"Explore and emphasize the potential of typical Wadden Sea habitats as ""blue carbon"" ecosystems to contribute to natural CO2 sequestration (e.g. saltmarshes, sediments), while taking into account anthropogenic pressures possibly impacting these processes",2129.0,4.0,exact
Conservation,"nature-based solutions for coastal protection given their capacity to act in synergy with blue carbon, biodiversity safeguard, and coastal protection",2129.0,4.0,exact
Coherence,"the Joint Declaration (2010), the governments of the Wadden Sea countries renewed their commitment to continue to manage the Wadden Sea as a single ecological entity for its natural, landscape, and cultural heritage values, for the benefit of present and future generations",2130.0,4.0,exact
Coherence,"the Wadden Sea Plan 2010, as the commonly agreed policy and management plan, human activities in ecosystems must be managed for all aspects: species; habitats; processes; and interactions",2130.0,4.0,exact
Heritage inclusion,"The SIMP should be implemented as a strategic decision-making tool that facilitates a strategic, proactive and collaborative transboundary management approach to maintaining the Outstanding Universal Value (OUV) and addressing to the various pressures identified, including potential cumulative impacts",2130.0,4.0,exact
Conservation,"Effective management of the Wadden Sea needs to assure nature conservation and an ecosystem approach that integrates management of existing protected areas with other key activities affecting the property, including the most important economic activities, whilst safeguarding the OUV. ",2131.0,4.0,exact
Conservation,"These activities not only contribute to preserving jobs in the region, but also provide regional food security, protect the local populations from coastal flooding and erosion",2131.0,4.0,exact
Legislation,Human uses within the Wadden Sea World Heritage Site and the surrounding area are regulated through existing protection regimes,2132.0,4.0,exact
Climate change,"stressors from the key topics (can) interact and combine over time, both with each other and with climate change effects, causing cumulative impacts on the marine environment",2132.0,4.0,exact
Knowledge transfer,Participation of civil society in actions towards protection and sustainable use in the Wadden Sea Region is facilitated by the Wadden Sea Forum (WSF) and the Wadden Sea Team (WST) of environmental NGOs,2132.0,4.0,exact
Multi-level management,"The Partnership Hub supports and facilitates engagement at trilateral level between civil society, different sectors, site management, science and research and policy through, among others, specific projects",2133.0,4.0,exact
Heritage inclusion,"the implementation of the activities, existing standards are to be maintained or, when necessary, improved upon to preserve and enhance the area’s OUV",2134.0,4.0,exact
Prohibition,Implementation of the activities shall in no way lead to lowering of existing environmental standards.,2134.0,4.0,exact
Knowledge transfer,trilateral exchange of knowledge and best practices for the benefit of nature conservation management,2054.0,4.0,exact
Knowledge transfer,"Trilateral knowledge exchange contributes to bringing trilateral experience together to build common approaches and, thus, to strengthen the Cooperation’s joint arguments for nature conservation",2135.0,4.0,exact
Knowledge transfer,Exchange of best practices at the trilateral level helps speedy identification of the most beneficial practices for nature conservation,2135.0,4.0,exact
Knowledge transfer,Consequent and consistent awareness raising and advocacy can influence activities and behaviours in favour of maintaining the Wadden Sea’s OUV,2135.0,4.0,exact
Knowledge transfer,Trilateral knowledge exchange and advocacy activities need to be continuously improved to adapt to thematic as well as technological and societal changes,2135.0,4.0,exact
Fisheries management,Further advance towards sustainable fisheries practices that have no negative impact on the OUV of the Wadden Sea World Heritage Site,2136.0,4.0,exact
Conservation,taking into account that existing nature conservation standard should be maintained or improved.,2136.0,4.0,exact
Human activities,Significant harm to habitats and species due to fishing and marine aquaculture activities ,2136.0,4.0,exact
Human activities,"bycatch and overfishing, depletion across the food web, habitat destruction, negative effects of human induced non-indigenous species, litter pollution, underwater noise, and reduced recolonisation possibilities for reef-building species (e.g., Sabellaria worms) ",2137.0,4.0,exact
Human activities,"Damage to vulnerable ecosystems, habitats, food webs and species due to cumulative effects, including those from fishing activities in closed areas within the Wadden Sea World Heritage Site",2137.0,4.0,exact
Climate change,Climate-driven increase of fishing pressure in the Wadden Sea due to intensification of area use,2137.0,4.0,exact
Human activities,expanding wind farms and other uses in the offshore areas,2137.0,4.0,exact
Climate change,"biological changes driven by temperature increase, such as presence of new species, species spatial distribution and habitat use",2137.0,4.0,exact
Fisheries management,"EU Common Fisheries Policy, national laws and regulations, as well as agreements with the fisheries sectors. ",2137.0,4.0,exact
Fisheries management,Trilaterally agreed Framework for Sustainable Fisheries,2138.0,4.0,exact
Fisheries management,national and trilateral effective good examples from fisheries and aquaculture management in cooperation with the competent authorities,2138.0,4.0,exact
Fisheries management,"closed areas for fisheries, buying up fishing licences, use of sieve nets, de minimis regulation in crab fisheries, voluntary renunciation of dolly ropes",2138.0,4.0,exact
Prohibition,"Certification schemes, such as Marine Stewardship Council (MSC), including a commitment to avoid vulnerable areas as soon as they have been identified",2138.0,4.0,exact
Research,"Studies on ecological impacts and projects on best practices, transdisciplinary research, and use of the results in management",2138.0,4.0,exact
Knowledge transfer,"The TWSC to stimulate and facilitate exchange of information, knowledge, best practices, management experience about fields of action which are especially important for their potential impact on the Wadden Sea World Heritage Site",2139.0,4.0,exact
Knowledge transfer,"The outcome of such a thematic exchange may lead to identification and development of, where adequate, pilot studies and specific measures ",2139.0,4.0,exact
Fisheries management,"Fisheries management measures including co-management of fishing activities, the effects of implementing management measures, and regulations such as closed areas, spawning protection, and fish sanctuaries",2140.0,4.0,exact
Assessment,Scenarios and risk analysis of shifting fishing areas in the context of current and future EEZ use expansion. ,2140.0,4.0,exact
Fisheries management,Ecosystem-compatible fishing techniques ,2140.0,4.0,exact
Monitoring,"Mitigation, handling and monitoring of bycatch of undersized target species (e.g. flatfish, brown shrimps) and non-target species (e.g. invertebrates, protected species, migratory fish, sharks, rays)",2141.0,4.0,exact
Fisheries management,"Recreational fisheries (status and significance, including ecological impact and best practices)",2141.0,4.0,exact
Stakeholder collaboration,"The TWSC, in dialogue with the competent authorities for fisheries, sector representatives and environmental NGOs at the trilateral level, to further the implementation of the Framework for Sustainable Fisheries (2014)",2141.0,4.0,exact
Stakeholder collaboration,"This should be done in a collaborative approach, well-coordinated with other existing bodies and committees treating fisheries and aquaculture at the international, national, and regional levels. ",2141.0,4.0,exact
Knowledge transfer,"The TWSC together with fishing schools to continue to improve awareness of Wadden Sea World Heritage Site values and vulnerability, scientific basis, location and objectives of closed areas, ecosystem-compatible and sustainable fishing techniques and fishing gear, waste prevention and the potential problems associated with marine litter (e.g., lost gear, dolly ropes), and the importance of fisheries for local and sustainable food security.",2142.0,4.0,exact
Knowledge transfer,"information to the wider public through visitor and information centres, as well as the work of the International Wadden Sea School (IWSS).",2142.0,4.0,exact
Research,"The TWSC, through the trilateral groups responsible for science and fisheries, to initiate fisheries research projects",2142.0,4.0,exact
Fisheries management,"Encouraging the science sector, fisheries sector, and site managers to develop and test new methods and practices in areas with existing/ current fisheries, for example further sustainable and ecosystem-compatible fishing techniques and practices with the aim of reducing bycatch and impacts on the seabed. ",2143.0,4.0,exact
Research,Research on the effects of closed areas,2143.0,4.0,exact
Research,"The TWSC, through the trilateral groups responsible for science and fish, to initiate research on fish ecology (e.g., population quantity and quality, ecosystem function, closed areas, nursery function for juvenile fish, endangered species, historic species and habitats occurrence, food webs) to support the OUV and sustainable management",2142.0,4.0,split (first half)
Research,"The TWSC, through the trilateral groups responsible for science and fish, to initiate research on fish ecology (e.g., population quantity and quality, ecosystem function, closed areas, nursery function for juvenile fish, endangered species, historic species and habitats occurrence, food webs) to support the OUV and sustainable management",2143.0,4.0,split (second half)
Research,The TWSC to produce a coordinated approach to contribute to reaching the objectives of the EU Biodiversity Strategy for 2030 according to nationally based interpretation of key elements thereof and in line with the Wilhelms haven Declaration 2022.,2144.0,4.0,exact
Fisheries management,"The TWSC to compile relevant information (gathered by the national competent fisheries authorities) on the most important types of fisheries taking place in the Wadden Sea and potential upcoming types of fisheries, especially shrimp fisheries and blue mussel fisheries (and other forms of fishing with potential negative impacts on the ecosystem or species)",2144.0,4.0,exact
Assessment,"The information compiled, which could be managed at the Common Wadden Sea Secretariat (CWSS), will serve in particular as a basis for selecting topics and assessing the appropriateness of complementary approaches to be pursued for exchange at a trilateral level to advance the implementation of the Framework for Sustainable Fisheries",2145.0,4.0,exact
Coherence,The compiled information can also contribute to feeding into trilateral and national discussions on the implementation of the EU Biodiversity Strategy for 2030 to create an ecologically coherent network comprising of strictly protected areas.,2145.0,4.0,exact
Human activities,"Negative effects of existing tourism activities, especially those of high intensity, on the fauna, flora, and habitats of the Wadden Sea, including emissions and pollution",2147.0,4.0,exact
Human activities,Damage to the environment caused by infrastructure for tourism in the Wadden Sea World Heritage Site and adjacent region,2147.0,4.0,exact
Human activities,Disturbance caused by future trends in recreational activities and sports,2147.0,4.0,exact
Human activities,Pressure on the ecosystem due to future growth in the number of guests and/or associated spatial demand.,2148.0,4.0,exact
Multi-level management,"Existing trilateral Sustainable Tourism Strategy (Annex 1, Tønder Declaration 2014) and action plan, as the tool for implementing the Strategy at the trilateral level",2148.0,4.0,exact
Knowledge transfer,Tourism partners in the three countries supporting environmental education and awareness raising in relation to the Wadden Sea,2148.0,4.0,exact
Knowledge transfer,Sharing existing national experience and best practices,2148.0,4.0,exact
Knowledge transfer,"Visitor centres and other information and education facilities, rangers and environmental NGOs promoting nature friendly visitor behaviour",2149.0,4.0,exact
Knowledge transfer,The trilateral Partnership Hub as a structure to enhance networking and better achieving joint intersectoral agreements on common projects and activities,2149.0,4.0,exact
Knowledge transfer,"The TWSC to continue to improve awareness of the Wadden Sea World Heritage Site environment, suitable behaviour at the sites, and motivation to maintain or improve environmental quality by providing consistent information for the sites through visitor centres, ranger services, and partnership programmes",2149.0,4.0,exact
Knowledge transfer,continue or start to connect site managers to the Sustainable Tourism Strategy in order to add their expertise on nature conservation,2150.0,4.0,exact
Conservation,"Desired results could be, where adequate or needed, the improvement of visitor management or zoning schemes, taking into account that the existing nature conservation standard should be maintained or improved",2150.0,4.0,exact
Research,"Addressing gaps in knowledge regarding the impacts of tourism on the OUV, for example through research projects",2151.0,4.0,exact
Assessment,Analysing existing national monitoring data in terms of effects from tourism and considering cumulative effects (obligation in the Habitats Directive in the case of projects or plans seeking permission). ,2151.0,4.0,exact
Assessment,"Encouraging and supporting local communities and tourism stakeholders to assess the local/regional impact of tourism on the OUV as well as on further ecological, socio- cultural, and economic values, for example. by using the ""Wadden Sea Tourism Radar”. ",2151.0,4.0,exact
Knowledge transfer,Developing appropriate trilateral tools to support visitor understanding of suitable and required behaviour in the natural environment and towards wildlife,2152.0,4.0,exact
Conservation,"Improving Wadden Sea World Heritage brand visibility, emphasising that it promotes nature conservation via responsible tourism practices and according to the Sustainable Tourism Strategy and action plan",2152.0,4.0,exact
Stakeholder collaboration,"Strengthening interdisciplinary dialogue and research between natural and social sciences about values in nature conservation, protected area management, and sustainable development",2153.0,4.0,exact
Maritime management,"Further improve shipping safety, building on the comparatively high status of prevention of accidents, preparedness, and emergency response",2051.0,4.0,exact
Maritime management,"foster nature friendly and climate-neutral operations, including the maintenance of ports with reduced pressures on the environment,",2153.0,4.0,exact
Knowledge transfer,"enhance awareness, education, and cooperation in a collaborative approach at the trilateral level",2153.0,4.0,exact
Human activities,Ship accidents resulting in the release of pollutants,2153.0,4.0,exact
Human activities,"Pollution from ongoing shipping operations, including gas emissions",2154.0,4.0,exact
Human activities," introduction of alien species, especially by ballast water and biofouling",2154.0,4.0,exact
Human activities,"Interference with natural dynamic processes, for example due to dredging and disposal of sediment or by port expansion",2154.0,4.0,exact
Human activities,"Disturbance, accidents (collisions) and other negative impacts due to marine traffic, including water sports.",2154.0,4.0,exact
Framework,"TWSC Operational Plans for the Wadden Sea PSSA aim to improve on prevention of accidents, operational pollution, awareness and education, preparedness and response, and cooperation",2155.0,4.0,exact
Multi-level management," the three Wadden Sea countries are required to apply Best Available Techniques (BAT) and Best Environmental Practice (BEP) including, where appropriate, clean technology, in their efforts to prevent and eliminate marine pollution",2155.0,4.0,exact
Knowledge transfer,"The TWSC together with the Wadden Sea Forum, relevant authorities, environmental NGOs, and other partners, to facilitate trilateral dialogue regarding climate- and nature-friendly shipping in the trilateral Wadden Sea",2155.0,4.0,exact
Assessment,"issues proposed by site managers, environmental NGOs and municipalities, and an assessment of the response capacity to shipping accidents in each country",2156.0,4.0,exact
Knowledge transfer,"The TWSC to stimulate and facilitate trilateral exchange and dialogue between site managers and involving experts, institutions and industry ",2156.0,4.0,exact
Prohibition,"Introduction of speed limits to limit emissions, underwater noise, and disturbance, ",2157.0,4.0,exact
Framework,"Create incentives and strengthen regulation for an environmentally friendly design and decarbonisation of the shipping sector in the Wadden Sea to avoid, for example greenhouse gas and noise emissions ",2157.0,4.0,exact
Framework,"Develop nature friendly navigation guidelines for marine traffic in the Wadden Sea property, considering respective existing regulations",2158.0,4.0,exact
Research,"Research, exchange on and support of nature friendly practices for dredging of shipping lanes and Wadden Sea ports and the related disposal (existing regulation, studies, good practices) where dredging and disposal is unavoidable",2158.0,4.0,exact
Research,Identification and research on potential effects of climate change on the OUV of the Wadden Sea as well as adaptive measures for shipping and ports,2159.0,4.0,exact
Stakeholder collaboration,"Site managers to participate as nature conservation stake holders in trilateral initiatives involving shipping authorities, ship-owners, seafarer associations, harbour operators, the Wadden Sea Forum, and the Wadden Sea Team of environmental NGOs ",2159.0,4.0,exact
Knowledge transfer,"Best practices (showcase exemplary cases of environmentally friendly practices in ships and ports, for example regarding the prevention and control of the spread of introduced species in recreational and commercial shipping-, environmentally friendly ports). ",2160.0,4.0,exact
Monitoring,Effective ship traffic and container tracking systems and monitoring,2160.0,4.0,exact
Legislation,"International standards regarding, for example safety, speed limits, and pollution",2160.0,4.0,exact
Knowledge transfer,"The TWSC in communication with competent authorities, the site managers and stake holders, to raise awareness and education among shipping and ports stakeholders; for example regarding Wadden Sea World Heritage values and vulnerability, best practices, existing regulations and standards regarding safety, speed limits/ zoning, pollution, introduction of invasive species. ",2160.0,4.0,fuzzy split (first half)
Knowledge transfer,"The TWSC in communication with competent authorities, the site managers and stake holders, to raise awareness and education among shipping and ports stakeholders; for example regarding Wadden Sea World Heritage values and vulnerability, best practices, existing regulations and standards regarding safety, speed limits/ zoning, pollution, introduction of invasive species. ",2161.0,4.0,fuzzy split (second half)
Conservation,"Intensify the application of common best practices to protect the Wadden Sea, to support nature friendly energy transition",2161.0,4.0,exact
Coherence,foster a level playing field with the highest applied environmental standards for all three countries in a collaborative approach with the energy sector,2052.0,4.0,exact
Human activities,Impairment of habitats (especially sea floor) and disturbance of natural processes within the Wadden Sea World Heritage due to cable and pipeline laying and operation,2161.0,4.0,exact
Human activities,"Disturbance of natural migratory routes as well as mainland areas for breeding, resting, and migratory birds, marine mammals",2161.0,4.0,exact
Human activities,increased risk of collisions with animals due to power stations construction near the Wadden Sea World Heritage Site,2162.0,4.0,exact
Human activities,"ongoing operations, including the risk of accidents causing the release of harmful substances",2162.0,4.0,exact
Human activities,"Future steep increase in number and density of power stations and transmission infrastructure, including increased maintenance and supply traffic to meet the raising energy transition targets will exacerbate risks ",2162.0,4.0,exact
Human activities,Ground surface subsidence caused by gas exploitation and salt mining may affect habitats and species,2162.0,4.0,exact
Human activities,"Unknown effects of new types of energy production and transmission including hydrogen production, transport",2163.0,4.0,exact
Human activities,"storage and potential carbon capture and storage, during their construction and operation in and near the Wadden Sea World Heritage Site",2163.0,4.0,exact
Human activities,risk of accidents involving harmful substances.,2163.0,4.0,exact
Prohibition,"Existing trilateral agreement (in the Trilateral Wadden Sea Plan (WSP) 2010 and World Heritage Nomination Dossier) prohibiting the construction of wind turbines, and installations for oil and gas, and not allowing oil and gas exploration and exploitation in the World Heritage property",2163.0,4.0,exact
Multi-level management,Existing trilateral agreement supporting global and national efforts to mitigate causes of climate change at the regional level and to work towards a Wadden Sea Region as a CO2-neutral area ,2164.0,4.0,exact
Assessment,assessment of potential impacts on the marine ecosystem and bird migration,2167.0,4.0,exact
Assessment,"Risk assessment of carbon capture, storage, and transport future technology",2168.0,4.0,exact
Research,"The TWSC, through the trilateral groups responsible for energy and for research and in collaboration with the relevant groups and experts, to formulate relevant research questions to investigate (potential) effects of new types of energy production, storage, and transmission while considering nature conservation management and cumulative impacts ",2168.0,4.0,exact
Conservation,"Enhance the use of nature-based measures and maintenance practices in a collaborative approach with the competent authorities, based on the Climate Change Adaptation Strategy, which aims at natural resilience to climate change effects ",2169.0,4.0,exact
Multi-level management,seven basic elements: natural dynamics; interconnectivity; integration; flexibility; long-term approach; site specific approach; and participation.,2169.0,4.0,exact
Conservation,"place emphasis on strengthening the potential of coastal habitats such as saltmarshes and seagrasses in contributing to coastal protection, biodiversity conservation, and carbon sequestration",2169.0,4.0,exact
Human activities,Alterations of natural dynamic processes and the biodiversity of the Wadden Sea Cooperation Area due to existing measures ,2170.0,4.0,exact
Human activities,stabilisation of the coastline due to dykes,2170.0,4.0,exact
Human activities,loss of tidal flats and alteration of sediment and salt supply,2170.0,4.0,exact
Human activities,Increase in number and size of coastal flood defence and coastal protection measures to adapt to sea level rise may cause habitat and species loss,2170.0,4.0,exact
Climate change,Sea level rise may cause difficulties with inland drainage,2170.0,4.0,exact
Conservation,"Existing Trilateral Climate Change Adaptation Strategy (CCAS) (Annex 4, Tønder Declaration 2014) with seven basic elements aiming to improved resilience of the Wadden Sea Region to climate change for the benefit of nature conservation and the safety of inhabitants and visitors",2171.0,4.0,exact
Knowledge transfer,"Existing permanent expert group which stimulates the implementation of Annex 4, Tønder Declaration 2014 and updates the priorities, supports initiatives for knowledge exchange, studies to assess effects of climate change as well as adaptation measures",2171.0,4.0,exact
Knowledge transfer,Existing knowledge and experience that site managers have in combination with existing good cooperation with the coastal flood defence and protection agencies,2171.0,4.0,exact
Stakeholder collaboration,Site managers to enhance and maintain communication and collaboration with the agencies and authorities re sponsible for coastal flood defence and protection ,2172.0,4.0,exact
Water management,"opportunity to introduce nature-based solutions, with priority no-regret measures, especially when alterations or new costal flood defence and protection structures are planned ",2172.0,4.0,exact
Assessment,"consider the Wadden Sea World Heritage Site's OUV in the application of Environmental Impact Assessments, Strategic Impact Assessments, and regulations",2172.0,4.0,exact
Stakeholder collaboration,Encourage cooperation of site managers with agencies and authorities responsible for coastal flood defence and protection in pilot projects,2173.0,4.0,exact
Adaptation,Stimulate societal debate and motivation for adapting to an inevitable sea level rise in a nature- and climate- friendly manner,2173.0,4.0,exact
Knowledge transfer,"Continue to strengthen and share best practices, experience, and knowledge about specific topics of interest (e.g., nature-based solutions for coastal flood protection and defence (no-regret measures), good practice examples for coherence and compensation measures, relocation of (summer-) dykes, restoration of natural dynamics in dunes (e.g., over wash",2173.0,4.0,exact
Research,"Formulate relevant research questions to investigate potential for nature-based solutions, as well as adaptation and compensation measures",2173.0,4.0,exact
Restoration,"to restore natural dynamics and, when possible, develop trilateral research projects.",2174.0,4.0,exact
Conservation,The upcoming (pilot) projects on the implementation of nature-based solutions for coastal protection in the Wadden Sea should be used to quantify ecological and socio-economic effects and to be able to transfer these to a larger coherent area,2174.0,4.0,exact
Water management,"Continue to support and stimulate, where necessary, the agencies and authorities responsible for coastal flood defence and protection to implement more environmentally friendly solutions contributing to safeguarding the OUV.",2174.0,4.0,exact
Water management,"to continue to improve awareness among authorities and agencies responsible for planning, construction, and maintenance of coastal flood defence and protection measures of the following: the Wadden Sea World Heritage Site's natural geological dynamic processes (sediment dynamics), the role of natural factors in coastal protection (islands, dunes, salt marshes); the significance of river and marsh water body connectivity for fish and eco logical processes, the role of tidal processes for some coastal habitats",2175.0,4.0,exact
Knowledge transfer,"Information to the wider public through visitor and information centres, as well as the work of the International Wadden Sea School (IWSS). ",2142.0,4.0,exact
Stakeholder collaboration,"An outreach programme directed to coastal communities, those managing areas at risk of flooding until 2100, and other relevant actors in a collaborative approach with the competent authorities and based on the CCAS",2175.0,4.0,exact
Assessment,"To assess the status of implementation of the targets of the Wadden Sea Plan 2010, reliable scientific evidence is crucial",2176.0,4.0,exact
Framework,"The Trilateral Monitoring and Assessment Programme (TMAP), which also underpins the criteria for inscription onto the UNESCO World Heritage List, provides the necessary information ",2176.0,4.0,exact
Assessment,"By regularly publishing Wadden Sea Quality Status Reports (QSR), in which more than 100 scientists (QSR 2017) from the three Wadden Sea countries are involved, the development of the Wadden Sea ecosystem is described, and trend analyses are reported",2176.0,4.0,exact
Research,"the scientific community from the Netherlands, Germany and Denmark was invited to develop a Trilateral Research Agenda",2177.0,4.0,exact
Research,"This Agenda gives an overarching, comprehensive, and integrated view on the trilateral research needed in the Wadden Sea Region",2177.0,4.0,exact
Research,"It focuses on the three challenges of addressing human-nature interactions, coping with climate change and sea level rise, and working towards a sustainable coastal region",2177.0,4.0,exact
Research,"Specific research topics relevant for the management of the Wadden Sea Region are laid down in thematic lines touching upon: 1) climate, water, sediments, and subsurface; 2) ecology, biodiversity, and spatial processes; 3) cultural heritage, identity, and historical embedding; and 4) economy, society, and sustainable development. ",2177.0,4.0,exact
Research,To strengthen cooperation with the scientific community a Trilateral Programming Committee on Wadden Sea Research (TPC-WSR) was installed in order to establish a joint programme on research issues relevant to the Wadden Sea World Heritage Site,2178.0,4.0,exact
Stakeholder collaboration,The TPC-WSR will serve as a focal point to foster science cooperation and applied research in the Wadden Sea World Heritage Site,2179.0,4.0,exact
Monitoring,The main technical purpose of monitoring the ecosystem and human activities is to collect data necessary for scientific evaluation of the status of the ecosystem and the intensity and impact of human use and its implications for the system,2179.0,4.0,exact
Assessment,This scientific assessment is an important basis for formulating policies and measures.,2180.0,4.0,exact
Knowledge transfer,"Scientific knowledge is a prerequisite for developing appropriate monitoring, for the application of assessment criteria and for formulating policy goals to protect the ecosystem. ",2180.0,4.0,exact
Monitoring,"The Trilateral Monitoring and Assessment Programme (TMAP) covers the entire Wadden Sea Cooperation Area and spans a broad range, from physiological processes to population developments to changes in landscape and morphology",2180.0,4.0,exact
Coherence,"the TWSC aims to foster the adjustment of the TMAP to today’s obligations (for example, climate change and its impact) and to guarantee a future-proof approach with the necessary synergies with existing monitoring programmes",2181.0,4.0,exact
Monitoring,"The QSR Thematic Reports are updated at regular intervals based on data availability, trilateral events, or emerging issues",2182.0,4.0,exact
Climate change,• Impacts of climate change ,2123.0,4.0,exact
Legislation,"• EU Directives: Habitats Directive (habitat types with unknown status, especially sublittoral); Marine Strategy Framework Directive (Wadden Sea relevant descriptors such as Marine litter and new pollutants); Birds Directive; Water Framework Directive; and Alien Species Regulation",2183.0,4.0,exact
Framework,"This must adhere to the greatest possible conformity with national monitoring programmes, requirements, and schemes where the three countries address EU and other monitoring obligations.",2184.0,4.0,exact
Knowledge transfer,"The TWSC is a globally outstanding example for the knowledge and experiences it holds when it comes to policy, management, research, and monitoring of a large-scale mudflat and barrier islands eco system.",2184.0,4.0,exact
Management variation,"Management of the Wadden Sea, as a single ecosystem shared by three countries, requires knowledge of the entire system",2184.0,4.0,exact
Knowledge transfer,first scientific Wadden Sea symposium in 1975 where scientists called for better protection of the Wadden Sea and a trilaterally coordinated effort,2185.0,4.0,exact
Knowledge transfer,"Today, the scientific symposia, which take place about every four years, play a crucial role in the TWSC, by enhancing exchange between scientists, site managers, and stakeholders, and giving advice to the Trilateral Governmental Conferences",2185.0,4.0,exact
Knowledge transfer,"Since its establishment in 1987, the CWSS has developed into a trilateral “knowledge management hub”, providing access to data, publications and reports relevant for trilateral policy, management, research, and monitoring.",2185.0,4.0,exact
Knowledge transfer,"At an international level, an ongoing exchange of knowledge and experience is carried out with site managers from other Marine World Heritage Sites or mud-flat ecosystems sites to enhance understanding of natural systems and how to manage them",2186.0,4.0,exact
Stakeholder collaboration,"New forms of cross-sector collaborations could be developed to foster knowledge exchange trilaterally (such as “communities of practice”, which are organised groups of people that collaborate regularly to share information, improve skills, and work on advancing knowledge on a specific topic of common interest).",2187.0,4.0,exact
Knowledge transfer,"Visitor information, environmental education, and opportunities to experience nature have evolved throughout the Wadden Sea Region over several decades",2188.0,4.0,exact
Heritage inclusion,"In order to protect and maintain it, the Outstanding Universal Value (OUV) of the Wadden Sea must be known, understood, and respected. ",2188.0,4.0,exact
Knowledge transfer,"The Wadden Sea Strategy on Education for Sustainable Development and World Heritage Interpretation16, adopted in 2018, provides a transboundary frame work for environmental education and interpretation in the entire Wadden Sea World Heritage Site",2189.0,4.0,exact
Knowledge transfer,"It builds on local, regional, and national concepts and activities with the aim of promoting the Wadden Sea’s OUV in a transboundary and interdisciplinary approach",2189.0,4.0,exact
Knowledge transfer,"qualification and training at a national level, enabling multipliers to integrate the trilateral and global context into their daily work. ",2189.0,4.0,exact
Knowledge transfer,the trilateral group responsible for education over sees the implementation of the strategy with the coordination of joint activities provided by the International Wadden Sea School (IWSS) (founded by the TWSC and nature NGOs in 2003) in cooperation with the CWSS. ,,,no match
Stakeholder collaboration,"The provision of trilateral information, education, and interpretation resources will enhance the quality of information and support consistent communication of the OUV across the regions",2191.0,4.0,exact
Stakeholder collaboration,"Communication is vital to make the Wadden Sea World Heritage Site known, understood, respected, and appreciated, and to support the protection of the site and maintain its OUV",2191.0,4.0,exact
Knowledge transfer,". The strategy includes key messages about the Wadden Sea World Heritage Site, as well as other topics related to the TWSC",2192.0,4.0,exact
Stakeholder collaboration,"The key messages serve as input to partners, stakeholders, and others while communicating about the Wadden Sea World Heritage Site",2192.0,4.0,split (first half)
Stakeholder collaboration,"The key messages serve as input to partners, stakeholders, and others while communicating about the Wadden Sea World Heritage Site",2193.0,4.0,split (second half)
Stakeholder collaboration,"The CWSS coordinates trilateral communication activities between its partners, for example the publication and updating of general information on the Wadden Sea World Heritage Site (website, leaflet, video, etc.).",2193.0,4.0,exact
Stakeholder collaboration,"At the national level, the communication strategy is implemented by site managers and stakeholders and is integrated into individual communication strategies and concepts",2193.0,4.0,exact
Stakeholder collaboration,Wadden Sea World Heritage Brand Paper and Brand Activation Guide are the tools that underpin this approach and aim to go beyond graphic design guidance by creating a sense of place to continuously strengthen ownership,2194.0,4.0,exact
Stakeholder collaboration,"The global dimension of the Wadden Sea World Heritage Site and the shared ownership to safeguard its OUV for present and future generations is an essence in the communication of multipliers at trilateral, national, regional, and local level",2195.0,4.0,exact
Stakeholder collaboration,Local and regional supporters have been of crucial importance in the protection of the Wadden Sea since its beginning more than 100 years ago,2195.0,4.0,exact
Stakeholder collaboration,. The involvement of civil society at all different levels continues to be a great strength for the protection and sustainable development of the Wadden Sea Region,2196.0,4.0,exact
Knowledge transfer,Local partners support protection and help to raise aware ness for nature conservation and sustainable development among guests and locals,2196.0,4.0,exact
Knowledge transfer,The inscription of the Wadden Sea onto the World Heritage List offered a further step and a unique opportunity to pool and strengthen existing skills and experience under one umbrella to ensure the protection and preservation of the Wadden Sea,2196.0,4.0,exact
Stakeholder collaboration,"The strategic partners (including the Wadden Sea Forum, the Wadden Sea Team of environmental NGOs, the trilateral group responsible for sustainable tourism, the trilateral science community, and the Wadden Sea Board chair representing the TWSC) were the first signatories of the Memorandum of Understanding sealing a mutual commitment to enhance the Wadden Sea World Heritage Site",2197.0,4.0,exact
Environmental variation,the Wadden Sea ecosystem sustains wildlife populations well beyond its borders and biodiversity on a worldwide scale is reliant on the Wadden Sea,2200.0,4.0,exact
Climate change,"Many of the challenges for the Wadden Sea’s management are equally faced by other protected areas all over the planet, such as the protection of migratory birds and fish, dealing with impacts of climate change on ecosystems, or reduction of marine litter",2200.0,4.0,exact
Stakeholder collaboration,"close collaboration with partners beyond the Wadden Sea, since what may happen outside the Wadden Sea (for example in the Artic or in Africa) may have consequences for management in the Wadden Sea (such as with the protection of birds) and vice versa",2201.0,4.0,exact
Multi-level management,The preservation of the Wadden Sea’s World Heritage key values is greatly influenced by the successful management of the interconnected sites,2201.0,4.0,exact
Stakeholder collaboration,the Wadden Sea Flyway Initiative (WSFI) was launched in 2012 to foster collaboration along the African Eurasian Fly ways,2201.0,4.0,exact
Stakeholder collaboration,"The WSFI established a network of partners working at important sites along the entire East Atlantic Flyway, from the Arctic region to the West African coast and beyond, with the Wadden Sea as an essential site used by different populations of waterbirds through the seasons",2202.0,4.0,exact
Stakeholder collaboration,Partners in more than thirty countries are working together to protect and manage their shared bird populations by cooperating in monitoring and capacity building activities,2202.0,4.0,exact
Stakeholder collaboration,"the WSFI is aiming for autonomous bird management in the African partner countries, to combat the impact of climate change for a resilient flyway and to enhance the long-lasting cooperation with Arctic countries",2202.0,4.0,exact
Stakeholder collaboration,"Successful cooperation has been established with west-African countries in particular, with the World Heritage Site National Park Banc d’Arguin in Mauritania (Memorandum of Understanding 2014), and also with Bijagòs Archipelago in Guinea Bissau",2203.0,4.0,exact
Coherence,"For the fish community of the Wadden Sea, interconnections on a regional scale are relevant as well",2203.0,4.0,exact
Research gap,Swimways in the Wadden Sea are less known and researched than flyways but are of proven relevance for fish migration between marine and fresh water habitats,2203.0,4.0,exact
Knowledge transfer,"Putting the Wadden Sea on the global scene also offers new pathways for international cooperation, mutual learning, and developing solutions for the preservation of the Wadden Sea in a rapidly changing world",2204.0,4.0,exact
Stakeholder collaboration,Cooperation with other World Heritage properties also helps to raise the profile of the Wadden Sea internationally and within the World Heritage Convention,2204.0,4.0,exact
Stakeholder collaboration,". An exchange with Yellow Sea countries has existed or many years. Both localities are tidal mudflat ecosystems of global importance for being among other, stopover sites for migratory birds.",2204.0,4.0,exact
Stakeholder collaboration,"The Trilateral Wadden Sea Cooperation (TWSC) cooperates with the Republic of Korea (Memorandum of Understanding 2009) regarding the exchange of management experiences and approaches, monitoring, research, education, and communication. Over the years this collaboration has involved in total over 2,100 people at both sites",2205.0,4.0,exact
Stakeholder collaboration,The TWSC also supported the Republic of Korea in the preparation of the World Heritage nomination dossier for the Korean Tidal Flats,2205.0,4.0,exact
Knowledge transfer,"Knowledge exchange will be the main topic of collaboration with Yellow Sea countries, and aims to share scientific knowledge for management, strengthen the capacity for communication and education, and provide many valuable examples for practitioners which they can apply at their sites",2206.0,4.0,exact
Knowledge transfer,"collaboration between the globally significant flyway sites, such as the African-Eurasian Flyway and East Asian-Australasian Flyway, can promote a mutual exchange in improving flyway management and research in mud-flat ecosystems worldwide",2206.0,4.0,exact
Stakeholder collaboration,The management of Swimways across and beyond the Wadden Sea is also of increasing importance in the area of international cooperation,2206.0,4.0,exact
Stakeholder collaboration,Tapping into the vast expertise contained within the network helps to accelerate achieving sustainable marine protected areas,2207.0,4.0,exact
Stakeholder collaboration,This Thematic Programme underlines the shared responsibility of stakeholders for conservation of cultural and natural heritage of Outstanding Universal Value (OUV) and for sustainable development through appropriate tourism management,2208.0,4.0,exact
Stakeholder collaboration,"The Wadden Sea is acknowledged worldwide as a useful example of transnational collaboration, pooling resources, and engaging tourism stakeholders in the protection of the OUV for mutual benefit",2209.0,4.0,exact
Knowledge transfer,"Managers, environmental NGOs, and other stakeholders active in the Wadden Sea World Heritage Site have used these opportunities for mutual learning in areas such as protected areas tourism, monitoring, and education",2209.0,4.0,exact
Coherence,"The Wadden Sea World Heritage Site, as one of the largest protected areas in Europe. contributes to the EU Biodiersity Strategy for 2030 and, most importantly, helps to build a coherent Trans-European Nature Network",2056.0,4.0,fuzzy
Coherence,The SIMP and the comprehensive management system of the Wadden Sea World Heritage Site (including the Wadden Sea Plan 2010 as joint management plan) can serve as a model for effective protected areas management,2210.0,4.0,exact
Conservation,the management of the Wadden Sea World Heritage Site contributes to the nature restoration targets of “ensuring at least 30% of EU protected species and habitats are in favourable conservation status or have positive trends by 2030” and to “restore marine ecosystems”.,2210.0,4.0,exact
Framework,"adds to the EU Biodiversity Strategy’s transformative change targets, such as “building on an integrated and whole of society approach”, “ensuring the full and timely implementation of the EU nature directives” and ""improving knowledge and research”",2211.0,4.0,exact
Framework,"The TWSC actively contributes to the implementation of Agenda 2030 for Sustainable Development, with its globally accepted Sustainable Development Goals (SDGs)",2211.0,4.0,exact
Framework,the Wadden Sea deliver important contributions to SDG 14 “Life under water” and SDG 15 “Life on land”,2212.0,4.0,exact
Adaptation,strengthens the natural resilience and adaptive capacity to climate-related effects (SDG 13).,2212.0,4.0,exact
Conservation,the trilateral cooperation’s actions and plans to protect and restore water resources and water-related ecosystems contribute to SDG 6 and support the area’s sustainable economy and leverages local culture (SDGs 8 and 12),2212.0,4.0,exact
Monitoring,The Committee for Spatial Quality (upon the introduction of the Environment and Planning Act: the Committee for Environmental Quality) will monitor the relationship between cultural heritage and spatial/environmental quality,2241.0,5.0,exact
Greenery,"The seventeenth-century City Council decided that the canals should be green. And so, trees were planted along the canals and large indoor gardens designed behind the canal houses",2275.0,5.0,exact
Greenery,"As early as 1600, Amsterdam started planting trees on a large scale and systematically",2275.0,5.0,exact
Greenery,The trees formed a crucial part of the ‘master plan’ of the canal ring area,2275.0,5.0,exact
Greenery,"With their regular planting pattern in a straight line along the water, they are part of the canal profile. ",2275.0,5.0,exact
Greenery,"linden tree was replaced by the elm, which was more resistant to city life.",2276.0,5.0,exact
Greenery,They provided a pleasant shade and their roots strengthened the quays.,2276.0,5.0,exact
Greenery,The foliage was suitable as fodder,2276.0,5.0,exact
Greenery,"wood was used to produce wooden shoes, cart wheels and lock gates",2276.0,5.0,exact
Greenery,Gardens behind the canal houses should be a feast for the eyes and help to boost the value of the houses,2276.0,5.0,exact
Greenery,it was laid down in a so-called ‘keur’ (an urban law) that the plots could only be partially built on. This resulted in the deep ‘keur gardens’.,2276.0,5.0,exact
Greenery,"Until the end of the eighteenth century, such a garden had a formal layout, with clean lines and geometric shapes.",2277.0,5.0,exact
Greenery,"Thanks to the seventeenth century ‘keur’ rules, the greenery has remained present in the canal ring area",2277.0,5.0,exact
Water management,"In the operational management of canals, locks, bridges and quay walls, water level management and the use of the water, the parties largely work together along programmatic lines",2347.0,5.0,exact
Conservation,"For the canal ring area, proper maintenance and reinforcement of the tree structure along the canals and the ‘keur gardens’ behind the canal houses are part of the values to be protected",2437.0,5.0,exact
Coherence,Amsterdam is developing a new working method for a future-proof city based on the Integral Design Method Public Space,2437.0,5.0,exact
Adaptation,"This method was primarily developed for biodiversity and climate adaptation, but the ambition is to use it more widely. ",2437.0,5.0,exact
Limited heritage inclusion,"It is recommended that in future attention for heritage will be included as an eighth theme, or to explicitly include heritage in the living environment and materials themes. ",2438.0,5.0,exact
Climate change,"Risks in this connection are flooding, waterlogging, subsidence, heat stress and loss of or undesirable changes in biodiversity. Risks associated with this can relate to all three SOUV criteria. Examples are the physical damage to buildings and the surroundings, or reduced perception value of the heritage.",2444.0,5.0,exact
Water management,Protection of the primary flood defences is national policy of the Ministry of Infrastructure and Water Management,2446.0,5.0,exact
Climate change,"The risk of waterlogging and damage to quays, roads and buildings by extremely heavy rains and increased supply of water from rivers is expressed by urgency in the stress test. ",2446.0,5.0,exact
Water management,"As a storage basin system, the river Amstel and the canals are at the limit of what they can discharge and store",2447.0,5.0,exact
Climate change,"extreme rain shower can increase the load, causing lower-lying parts of the city, including the parks and the northern district, to be flooded",2447.0,5.0,exact
Framework,"""High Water in the Storage Basin Special Control Plan” according to which a crisis organisation is activated and measures are taken",2448.0,5.0,exact
Water management,"target level is achieved by the control capacity present in the canal system itself. However, this is limited and also works fairly slowly, due to the presence of many old locks, gates and bulkheads",2448.0,5.0,exact
Water management,"If the water supply is excessive, it will be drained from the centre of Amsterdam to the North Sea Canal and the Amsterdam-Rhine Canal",2449.0,5.0,exact
Climate change,Peak showers of 150 – 200 millimetres are already flooding basements in the inner city,2449.0,5.0,exact
Water management,further discharge to the sea via the North Sea Canal takes place by gravity flow at low tide,2449.0,5.0,exact
Water management,pumping will take place by using the IJmuiden pumping station of the Directorate-General for Public Works and Water Management,2449.0,5.0,exact
Water management,"The plan starts with the drainage of water to Markermeer by gravity flow (if the level is low enough), followed by the deployment of the Zeeburg pumping station in combination with the closing of barriers at the IJ front (obviously with major con sequences for shipping), mobilising extra pumping capacity (NUON power station, Spuisluis in Oran jesluizen, Noordersluis IJmuiden) and closing the emergency barriers (Breukelen, Driemond) up to and including the closure of the entire Amstel front and ultimately the flooding of the De Ronde Hoep calamity polder",2450.0,5.0,exact
Water management,the water authority is investigating whether the drainage and storage capacity for Amsterdam will have to be increased,2451.0,5.0,exact
Water management,add extra and flexibly controllable pumps to drain the water to the sea,2451.0,5.0,exact
Water management,"to improve the flow in the canals of Amsterdam, for example when bridges are being renovated",2451.0,5.0,exact
Research,the Amsterdam Environmental Vision 2050 is research to be conducted into the re-excavation of canals filled in the past,2452.0,5.0,exact
Limited heritage inclusion,"This is linked to making the inner city more climate-proof, in combination with efforts to make it low-traffic, and might also strengthen the SOUV of the World Heritage Site.",2452.0,5.0,exact
Climate change,"Ground water levels that are too low can present a problem for greenery (trees, parks), cause subsidence, affect vulnerable foundations",2453.0,5.0,exact
Climate change,The areas where the current groundwater level is already low may be particularly vulnerable to more extreme dry spells due to climate change,2453.0,5.0,exact
Climate change,"the canal ring area faces low groundwater levels everywhere (from 1.25 to more than 1.5 metres below ground level), which makes it susceptible to desiccation",2453.0,5.0,exact
Climate change,Amsterdam has a large area with wooden pile foundations. The most vulnerable are the 19th Century Ring and the ‘20-’40 Belt. ,2454.0,5.0,exact
Knowledge transfer,"tides had to be taken into account and the tops of the wooden piles were placed deeper. At low tide they will not run dry, which reduces the risk of pile rot – and consequently subsidence",2454.0,5.0,exact
Water management,"The importance of shipping, the priority given to safety and the fact that the flood defences cannot withstand water levels below -0.50 metres NAP, plus the preventive need to avoid foundations drying out, mean that Amsterdam has a high priority in the Dutch water distribution.",2455.0,5.0,exact
Framework,"Desiccation is combated at the small-scale level of homes, streets and neighbourhoods in the Amsterdam Rainproof programme, and with measures that follow from the Climate Adaptation Implementation Agenda (April 2021) of the City of Amsterdam.",2455.0,5.0,exact
Knowledge transfer,"residents and businesses are informed about greening, water storage and disconnection of rainwater drainage",2455.0,5.0,exact
Prohibition,"based on the protection of the heritage there are restrictions as to the construction of façade gardens, flowerbeds and the disconnection of rainwater drainage at the front of buildings ",2456.0,5.0,exact
Greenery,Opportunities exist for green roofs and especially in the spacious green indoor gardens and ‘keur gardens’ behind the houses,2456.0,5.0,exact
Restricted greenery,private property and mandatory imposition is not really possible.,2456.0,5.0,exact
Water management,"the groundwater can be influenced by locally active groundwater replenishment, with the aim of preventing groundwater levels from becoming too low",2456.0,5.0,exact
Water management,Compartmentation in the canal system should prevent the city from ‘emptying’ at low water levels,2457.0,5.0,exact
Water management,The city storage basin can also in its entirety be closed off from the surrounding storage basins of the North Sea Canal and the Amsterdam-Rhine Canal and from the Amstel land storage basin,2457.0,5.0,exact
Water management,"In the event of collapse of a water barrier within or outside Amsterdam, a large part of the canal system could “empty” into the land behind it",2458.0,5.0,exact
Water management,"It is necessary to maintain the water level in the city, because too low a level (which might lead to too low groundwater levels) could lead to the collapse of quays and damage to buildings (subsidence)",2458.0,5.0,exact
Water management,The impact of prolonged drought is counteracted by the supply of water,2458.0,5.0,exact
Climate change,It is expected that the frequency of low river discharges will increase in future.” The latter has already been observed in the past five years. ,2459.0,5.0,exact
Climate change,"When the water supply is low, the water quality also decreases, with drawbacks for biology, health and the quality of life ",2459.0,5.0,exact
Climate change,These are of a temporary nature and do not affect the structure of the canal ring area,2459.0,5.0,exact
Monitoring,An extensive monitoring network is maintained with monitoring wells ,2460.0,5.0,exact
Climate change,"The heat makes outdoor space unpleasant to stay in and to work, play sports, shop or recreate",2461.0,5.0,exact
Climate change,"Extreme heat poses risks for human health and the perception of the area (relates to SOUV criterion ii), not necessarily to the physical aspects of the heritage",2461.0,5.0,exact
Greenery,"The City of Amsterdam expects benefit from the additional evaporation of plants and trees, which underlines the importance of the preservation (if necessary replanting) of trees along the canals and the (‘keur’) gardens behind the canal houses.",2462.0,5.0,exact
Greenery,Installing green roofs that remain out of sight from public areas ,2462.0,5.0,exact
Water management,"Improve the flow of canals, drainage and storage capacity",2462.0,5.0,exact
Greenery,Expand options for green roofs ,2463.0,5.0,exact
Greenery,"Amsterdam is also responsible for the management of the (monumental) bridges and quays in the canal area (Bridges and Quay Walls programme), the trees and public greenery.",2524.0,5.0,exact
Adaptation,allowing for a profitable exploitation,2570.0,6.0,exact
Adaptation,both site holders are now committed to developing an ambitious plan to make the entire Van Nelle complex more sustainable. ,2575.0,6.0,exact
Adaptation,effectively links into the city of Rotterdam’s efforts towards creating a sustainable future,2575.0,6.0,exact
Adaptation,it wants to develop into a sustainable hotspot with a guiding role in the field of sustainability,2575.0,6.0,exact
Conservation,"Once these adjustments have actually been realised, the complex will not only be restored to its former glory as much as possible, but it will also be future-proof.",2583.0,6.0,exact
Research,The aim is to have a concrete feasibility study (technical and financial) completed in 2021 for the construction of an installation for heat recovery and storage,2586.0,6.0,exact
Research,An initial study showed that this can reduce the gas consumption of the complex by approximately 80% and the power consumption of the data centre by approximately 30%,2586.0,6.0,exact
Adaptation,The aim will be to develop an attractive environment for the Van Nellefabriek during the 2020 2030 period,2597.0,6.0,exact
Heritage inclusion,which matches the image of the World Heritage Status and takes the integrity of the complex into account,2597.0,6.0,exact
Heritage inclusion,"Protecting, enhancing and developing cultural historical, ecological and scenic values",2613.0,7.0,exact
Knowledge transfer,Increasing the recognisability and public awareness of Schokland,2613.0,7.0,exact
Heritage inclusion,Credibility (the Outstanding Universal Value – each World Heritage site is unique) ,2613.0,7.0,exact
Conservation,Conservation (preservation of World Heritage values),2613.0,7.0,exact
Knowledge transfer,Communication (providing information on the World Heritage site) ,2613.0,7.0,exact
Knowledge transfer,"Capacity building (developing knowledge, economy, employment)",2613.0,7.0,exact
Stakeholder collaboration,Communities (collaboration with the environment).,2613.0,7.0,exact
Stakeholder collaboration,All this can be attributed to the joint efforts of everyone involved in Schokland. Collaboration is the basis. ,2615.0,7.0,exact
Monitoring,We prepare regular reports for UNESCO and pay attention to the topics of sustainability and emergency,2616.0,7.0,exact
Conservation,"Regular tasks deal with the management of roads, watercourses, green areas and open areas.",2616.0,7.0,exact
Conservation,Archaeological management P13/14 -> Het Flevo-landschap,2617.0,7.0,exact
Conservation,Terps & harbour: regular management -> Het Flevo-landschap Municipality of Noordoostpolder,2617.0,7.0,exact
Knowledge transfer,Terp Middelbuurt and Schokland Museum -> Cultuurbedrijf Noordoostpolder and municipality of Noordoostpolder,2618.0,7.0,exact
Conservation,Regular management and maintenance of the grounds of the Flevoland landscape -> Het Flevo-landschap,2618.0,7.0,exact
Monitoring,Monitoring wildlife and vegetation -> Het Flevo-landschap,2618.0,7.0,exact
Water management,Supervision and water level management -> Zuiderzeeland Water Board,2618.0,7.0,exact
Conservation,Maintenance of waterworks  -> Zuiderzeeland Water Board,2618.0,7.0,exact
Monitoring,Groundwater monitoring -> Zuiderzeeland Water Board,2618.0,7.0,split (first half)
Monitoring,Groundwater monitoring -> Zuiderzeeland Water Board,2619.0,7.0,split (second half)
Conservation,Consolidation of quays on the Northside -> Zuiderzeeland Water Board,2619.0,7.0,exact
Monitoring,Monitoring ground subsidence -> Province of Flevoland,2619.0,7.0,exact
Monitoring,Monitoring (nationally) listed buildings -> Province of Flevoland,2619.0,7.0,exact
Monitoring,Monitoring hydrological zone -> Cultural Heritage Agency,2619.0,7.0,exact
Conservation,Regular management & maintenance Gesteentetuin (‘rock garden’) visitor centre -> Het Flevo-landschap,2620.0,7.0,exact
Conservation,Regular maintenance of through roads -> Municipality of Noordoostpolder and province of Flevoland,2620.0,7.0,exact
Conservation,"Regular management and maintenance of private and agricultural land -> Residents, farmers and landowners",2620.0,7.0,exact
Knowledge transfer,Cultural history -> Cultural Heritage Agency ,2621.0,7.0,exact
Conservation,Nature and landscape -> Het Flevo-landschap ,2621.0,7.0,exact
Stakeholder collaboration,Agriculture Schoklands -> Boerengoed (Farmers of Schokland association) ,2621.0,7.0,exact
Knowledge transfer,Communication -> Chairman of the area committee,2621.0,7.0,exact
Knowledge transfer,Education and presentation -> Cultuurbedrijf Noordoostpolder ,2621.0,7.0,exact
Stakeholder collaboration,"Collaboration -> Site holder, municipality of Noordoostpolder",2621.0,7.0,exact
Legislation,"we look at how the protection of Schokland as a World Heritage site is embedded in rules and regulations and which regulations need to be applied, in order to ensure the best legal protection. ",2622.0,7.0,exact
Conservation,A properly functioning hydrozone (an area where the groundwater level is raised) is important for the conservation of Schokland and its archaeological remains.,2622.0,7.0,exact
Research,We are currently investigating the effectiveness of the current hydrological zone on the east side of the former island.,2622.0,7.0,exact
Research,The results will provide us with information for the new hydrological zone to be constructed on the south side,2623.0,7.0,exact
Knowledge transfer,Our agenda for the coming years further includes telling the story of our World Heritage,2623.0,7.0,exact
Knowledge transfer,It is our objective to raise awareness and attract more visitors appropriate to the area.,2624.0,7.0,exact
Knowledge transfer,Promotion is something we do together as well. ,2624.0,7.0,exact
Knowledge transfer,We participate in the Foundation of Dutch World Heritage Sites and carry out joint activities to raise awareness of our World Heritage.,2625.0,7.0,exact
Conservation,We aim to protect the visible reminders of its shape and size. We do this by keeping the island and its surroundings open and ensuring clearly visible vegetation on the outskirts.,2625.0,7.0,exact
Knowledge transfer,"We tell the story of Schokland through its landscape, for example in the form of recognisable terps on the island and historic styled agriculture. ",2626.0,7.0,exact
Conservation,Around 200 hectares of new nature are planned south of Schokland. It concerns grasslands where meadow birds and other animals have their habitat and nature-friendly fields. This new nature area will protect the archaeological values in the soil of our World Heritage site.,2626.0,7.0,exact
Knowledge transfer,"excursions and activities for both young and old are organised on Schokland on a regular basis. This way, we can tell both the nature story and the Schokland story.",2627.0,7.0,exact
Knowledge transfer,It is important that the history of Schokland and the entire Noordoostpolder is known to a wide audience,2630.0,7.0,exact
Knowledge transfer,"At all primary schools in Noordoostpolder, the Schokland World Heritage site forms a permanent part of cultural education, so every child in primary education knows about Schokland. ",2631.0,7.0,exact
Knowledge transfer,Cultuurbedrijf Noordoostpolder prepares teaching programmes for the schools and organises Cultural Education Days.,2631.0,7.0,exact
Knowledge transfer,We offer students who opt for vocational education a wide range of internship and research positions,2631.0,7.0,exact
Knowledge transfer,Schokland is an interesting learning place for students of higher vocational and university education.,2631.0,7.0,exact
Research,Archaeology on and around Schokland offers opportunities for long-term research projects. ,2631.0,7.0,exact
Stakeholder collaboration,"As a site holder, the municipality of Noordoostpolder encourages this collaboration",2632.0,7.0,exact
Knowledge transfer,An important objective therein is the mutual sharing of knowledge.,2632.0,7.0,exact
Monitoring,"Although the impact of climate change is not yet visible, monitoring the situation will allow these changes to be signalled and identified as fast as possible.",2684.0,8.0,exact
Monitoring,"Because Kinderdijk is closely connected with the hydraulic water system, water management monitors the state of the hydraulic engineering and examines which long term risks could occur over the next 50 years.",2685.0,8.0,exact
Water management,"Taking preventative measures, such has combining pumping stations, has been anticipated. ",2685.0,8.0,exact
Climate change,In 2017 it was found that due to climate change Kinderdijk could not be the only area in the Alblasserwaard which could drain the excess water into the river.,2685.0,8.0,exact
Legislation,"The legislation for urban planning, environment, nature, water, archaeology and soil management from 26 different laws are combined into 1 piece of legislation in the Vicinity 
Legislation.",2687.0,8.0,exact
Legislation,This piece of legislation is comprised of nearly all laws that are important to  the establishment and management of the physical surroundings. ,2687.0,8.0,exact
Legislation,the Vicinity Legislation was started as an overarching goal to make better use and protect the environment by making decision making easier. ,2687.0,8.0,exact
Coherence,"In this new system, the World Heritage site would be addressed in an integrated way: management and the development of a world heritage location is not just about a physical location per se but also about all of the activities that are planned within the site and in the surrounding area.",2688.0,8.0,exact
Legislation,The Vicinity Legislation uses a broad definition of cultural world heritage in the physical surroundings. ,2688.0,8.0,exact
Conservation,"Larger areas are protectively planned at a regional level (comparable to the current ruling 
via Barro). ",2689.0,8.0,exact
Framework,"all governmental agencies (except water management) are 
required to draw up a Vicinity vision. ",2689.0,8.0,exact
Framework,For the municipality that is a Vicinity plan and for the provinces and water authority that is an ordinance.,2689.0,8.0,exact
Framework,The Vicinity Vision makes it clear which goals the city council or provincial state would like to reach for their own land and also for and with the world heritage.,2690.0,8.0,exact
Conservation,The high storage basins and the surrounding meadows are a part of the Natura 2000 area. ,2691.0,8.0,exact
Research,space for researching how the surrounding landscape can be strengthened in relation to Kinderdijk. ,2692.0,8.0,exact
Research,how inversely the improvement and reinforcement of spatial and landscape quality of the region can contribute to strengthening of the natural values in the area. ,2692.0,8.0,exact
Framework,Every new development around the Natura 2000 area is required to have a Natura 2000 test before it is begun. This is executed through a consultancy firm that is connected to the “Network Green Offices”. ,2693.0,8.0,exact
Limited heritage inclusion,"the subject of heritage was missing from the debate on sustainable development, despite the crucial importance for societies and the broad recognition that heritage contributes to social, economic and environmental goals.",2698.0,8.0,exact
Assessment,all (deployed) activities in and around the Natura 2000 Storage Basins Kinderdijk should be tested against the Nature Conservation Act so that the legal conservation objectives will not be harmed. ,2692.0,8.0,exact
Heritage inclusion,World Heritage can provide a platform for this by developing and testing new approaches that assess the relevance of heritage for establishing sustainable development. ,2699.0,8.0,exact
Knowledge transfer,"the area is filled with unique flora and fauna. The organization has worked hard on also including a piece about education about nature. By doing this, the value of the high storage basins are an integral component of sharing the complete story of Kinderdijk. ",2703.0,8.0,exact
Knowledge transfer,"J.U. Smit pumping station is completely renovated, a decision can be made about whether rooms in the building can be used for educational purposes.",2703.0,8.0,exact
Research,to research about in which way the relationship with the surrounding landscape can be reinforced and how the improvement and reinforcement of the spatial and landscape qualities can lead to the strengthening of the value of nature in the area. ,2707.0,8.0,exact
Water management,The province of South Holland is responsible for the Natura 2000 Management Plan Storage Basins Kinderdijk.,2708.0,8.0,exact
Framework,the developments of the area vision in the Vicinity plan are endorsed by all of the parties in the Management Platform Kinderdijk plan. ,2708.0,8.0,exact
Coherence,"the relationship between the surrounding region can improve landscape and spatial qualities, value of nature and biodiversity. ",2707.0,8.0,exact
Coherence,"it needs to demonstrate consistency and establish a connection with other communities, spatial and economic developments at a local, regional and national level. Examples of this are Waterdriehoek, Krimpenerwaard, and Ridderkerk. This could also include climate adaptation, nature management, biodiversity and the expansion of the natural area",2709.0,8.0,exact
Heritage inclusion,"The universal value and strengthening of the site is possible through projects, stakeholders, monitoring, sustainable tourism, sustainable development objectives and intangible world heritage.",2719.0,8.0,exact
Coherence,"show the participation and connection with other social, spatial and economic developments at a local, regional and national level (Waterdriehoek, Krimpenerwaard, Ridderkerk) and also with climate adaptation, nature conservation, biodiversity, and expanding natural areas.",2745.0,8.0,exact
Conservation,Renovation J.U. Smit pumping station: ,2748.0,8.0,exact
Conservation,The water authority decided to thoroughly renovate and to electrify the pumping station. ,2749.0,8.0,exact
Adaptation,"To make sure that the capacity did not have to be increased, an opening in the middle quay was dug out so that the pumping stations can work together.",2749.0,8.0,exact
Knowledge transfer,"After the renovation is completed, agreements can be made to bring the pumping station into the story of Kinderdijk and when possible also for education.  ",2749.0,8.0,exact
Legislation,Water management is a regular task of HHNK,,,no match
Framework,Further measures in the water management of De Beemster will be aimed at limiting the possible consequences (damage) caused by extreme weather conditions. ,,,no match
Conservation,In the Surroundingswet the protection of Rijksmonuments is regulated,,,no match
Conservation,The village centre of Middenbeemster is designated as a protected villagescape. The legal anchoring of the protected villagescape is done via the environmental plan,,,no match
Conservation,"everyday management and maintenance of watercourses, open areas, roads and greenery (trees)",,,no match
Conservation,Measures on specific tasks: a way of working towards the sustainable conservation of the world heritage Drying the Beemster as a dynamic area to also live and work in.,,,no match
Conservation,"Water management management ring dike, boezem management and watercourses Management and maintenance of the ring dyke, ring shipping (broom management) and all water running outside the area are the responsibility of HHNK.",,,no match
Conservation,Also for the watercourses a cyclic maintenance is carried out by annual mowing and periodic dredging,,,no match
Water management," Every year, in the fireplace, the maintenance condition is checked by the high helm council and, if necessary, maintenance agents are advised on their maintenance tasks",,,no match
Water management,Part of the watercourses in the built-up basin of Middenbeemster and Westbeemster have already been transferred to the HHNK in maintenance,,,no match
Climate change," Currently, the municipality with the HNK is in conversation about the further transfer of urban water",,,no match
Water management,Water quantity management has to do with a different weather pattern caused by climate change with higher peaks in supply and longer periods of drought,,,no match
Water management,"Therefore, a larger area has been reduced to the low level (- 5 meters below Normal Amsterdam Peil), resulting in greater drainage in the soil",,,no match
Water management,"As a result of this draining, the possibility has been created to store more water in the watercourses and in the soil during heavy precipitation",,,no match
Water management,the use of water retention measures to capture the peaks of extreme showers and to reduce the flow of water to climate-resistant water management.,,,no match
Water management,"In De Beemster, a creative solution has been put into practice by reducing the levels (about 600 ha) of water storage that is similar to the addition of an area of 16.5 ha to open water",,,no match
Conservation,the world heritage and the maintenance of the existing lock pattern are the starting point and the peripheral condition,,,no match
Conservation,"preventive measures will be taken in the water system and in the spatial design. Also, the world heritage and the maintenance of the existing lock pattern are the starting point and the peripheral condition",,,no match
Climate change,A possible calamity in De Beemster as a result of climate change is linked to a breakthrough of the Beemsterdijk,,,no match
Climate change,damage to the infrastructure with possible danger for humans and animals occurs,,,no match
Multi-level management,	are: 1. more green in the residential areas 2. more space for water 3. climate-adaptive customization 4. shared responsibility,,,no match
Climate change,The risk of warming up the surface water is also mentioned in the climate-adaptive plan,,,no match
Heritage inclusion,Being a climate-resistant and water-robust municipality suitable within the OUV,,,no match
Greenery,"Taking measures without damaging the core qualities, such as in residential areas, are more unhardened by the construction of wadis and green infiltration are compatible",,,no match
Knowledge transfer, to promotion and telling the joint story about the three unique world heritages in Noord-Holland that are closely linked in terms of history and function,,,no match
Knowledge transfer,"This is the story about the centuries-long struggle against water, the creation of a civil society in the Golden Age and the Dutch tradition to design our country",,,no match
Heritage inclusion,The common goal is to ensure the exceptional universal value of the Drying Company,,,no match
Heritage inclusion,"Area partners speak of maintaining and strengthening the exceptional universal value, characteristic of the drying industry, at all times in policy in the field of cultural history, spatial planning, infrastructure, water and in planning, management and maintenance, and where possible",,,no match
Legislation,"With the Environment and Planning Act (Omgevingswet), the government aims to simplify and combine the rules for spatial development",3001.0,10.0,exact
Heritage inclusion,The Environment and Planning Act will come into force on 1 January 2024. World heritage will thereby be embedded in law for the first time.,3002.0,10.0,exact
Limited heritage inclusion,The provincial environmental vision does not specifically address the Rietveld Schröder House,3002.0,10.0,exact
Framework,"The Utrecht Spatial Strategy (Ruimtelijke Strategie Utrecht 2040, RSU 2040) describes the municipality’s ambitions regarding major issues for the city, now and in the future",3003.0,10.0,exact
Framework,"The RSU2040 has more attention for greenery, working, mobility, and social services",3003.0,10.0,exact
Heritage inclusion,"Amidst all the developments, the character of the city will be preserved. Heritage memorandum ‘Utrecht Heritage unites people and periods’ ",3004.0,10.0,exact
Heritage inclusion,Heritage is one of the starting points and structuring elements for further urbanisation.,3005.0,10.0,exact
Heritage inclusion,The latest Heritage Memorandum and Agenda (Erfgoednota 2004 and Erfgoedagenda 2013) reflect better on the current situation and developments,3005.0,10.0,exact
Heritage inclusion,How to manage heritage is also viewed from a more comprehensive viewpoint and in the light of municipal goals such as described in Healthy Urban Living for Everyone (Gezond Stedelijk Leven voor Iedereen) and the RSU2040,3005.0,10.0,exact
Heritage inclusion,"The Heritage Memorandum therefore connects the ambitions relating to heritage to long-term goals, for instance with regard to sustainability and climate adaptation. ",3005.0,10.0,exact
Research,it was decided in 2019 to have the matter researched extensively,3050.0,10.0,exact
Stakeholder collaboration,"in collaboration with Centraal Museum, TU Delft, SRAL and TNO",3017.0,10.0,exact
Stakeholder collaboration,with the support of the Getty Foundation,3017.0,10.0,exact
Adaptation,as part of the Keeping It Modern initiative,3017.0,10.0,exact
Research,The research eventually resulted in a research report and publications with conclusions and recommendations,3050.0,10.0,exact
Monitoring,Based on the results of climate monitoring,3051.0,10.0,exact
Climate change,it can be concluded that the current interior climate is mainly influenced by variations in the outdoor climate,3051.0,10.0,exact
Climate change,This can be noticed most clearly on the first floor,3051.0,10.0,exact
Climate change,"In the heating season, periods with higher-than-desired temperatures and with lower-than-desired relative humidity values were registered, mainly as the result of a malfunction in the heating system",3051.0,10.0,exact
Climate change,Very high humidity values were measured during the summer season. ,3051.0,10.0,exact
Monitoring,the proposal is to monitor the interior temperature and humidity level,3052.0,10.0,exact
Monitoring,to implement an alarm system to enable quick intervention in case of a malfunctioning heating system,3052.0,10.0,exact
Adaptation,"To lower the relative humidity in the summer season, dehumidifying the air can be considered as an option",3052.0,10.0,exact
Climate change,"Ventilation alone will not be sufficient, as the absolute humidity outside is high in summer.",3052.0,10.0,exact
Monitoring,Monitoring is required to demonstrate that the maintenance goals for Outstanding Universal Value are assured. ,3053.0,10.0,exact
Climate change,"new attention points will be formulated in response to e.g. climate changes, recreation and tourism, and natural disasters. ",3057.0,10.0,exact
Heritage inclusion,"There are many options to combine neighbourhood facilities and revalidation, and to reinforce city nature",3062.0,10.0,exact
Stakeholder collaboration,There is a strong sense of community involvement and a willingness among neighbourhood residents to contribute,3063.0,10.0,exact
Stakeholder collaboration,Increasing social cohesion can give the whole area an important positive boost,3063.0,10.0,exact
Greenery,"The remnants of the Dutch Water Defence Line (Nieuwe Hollandse Waterlinie), such as the shielded road (‘gedekte weg’) and Ridderschapsvaart, and the water structures and courtyard gardens are valuable elements that can be made part of the greenery infrastructure in this area.",3063.0,10.0,exact
Greenery,Greening the bare and grey parking lots at the back of the museum,3063.0,10.0,exact
Framework,The National Water Programme 2022–2027 provides an overview of developments within the domain of water and sets out newly developed policy that is climate adaptive and future-ready,3068.0,10.0,exact
Climate change,The water domain is facing considerable challenges: the Netherlands needs to adjust to the consequences of climate change,3069.0,10.0,exact
Adaptation,It is a reassuring result of the study performed as part of the Getty project “Keeping it modern” that the House is resistant to fluctuations in temperature and (relative) humidity,3070.0,10.0,exact
Monitoring,These data will be monitored in the coming management planning period,3070.0,10.0,exact
Climate change,"No major natural disasters are expected to occur in the Netherlands, with the exception of a potential dike breach as a result of extreme weather conditions",3070.0,10.0,exact
Climate change,The Rietveld Schröder House is exposed to an average flooding risk.,3070.0,10.0,exact
Water management,Temporary water retention in connection with emergencies enables the function of the inundation fields as part of the New Dutch Waterline to be made visible and available to be experienced. ,,,no match
Management variation,"Follow-up with measures is not always possible and effective, because there is a great deal of variation and an advantage for one object can generate a disadvantage for a neighbouring object",2460.0,5.0,fuzzy
Water management,The water manager is trying to remedy these effects on the basis of her regular task concerning the regulation of water quantity and quality,688.0,0.0,exact
Monitoring,"Indicator 3b: groundwater level
Method: data check
Periodicity: 5 years 
Responsible authorities & location of records: responsible monument preservation agencies",,,no match
Framework,"Conventions, regulations and charters The Hague Convention (1954) London Convention (1969) UNESCO Convention (1970) World Heritage Convention (1972) Granada Convention (1985) The Valletta Convention (1992) UNIDROIT Convention (1995) Florence Convention (2000) Faro Convention (2005) New Delhi Recommendation (1956) Venice Charter (1964) Washington Charter (1987) Lausanne Charter (1990) Nara Document (1994). Table 5 Relevant international conventions, regulations and char ters adopted by the Netherlands for the protection Lower German Limes. ",,,no match
Heritage inclusion,The latter article is especially imperative. It literally states that in the environmental plan the importance of the preservation of the Outstanding Universal Value of World Heritage should be taken into account. ,1270.0,2.0,split (first half)
Heritage inclusion,The latter article is especially imperative. It literally states that in the environmental plan the importance of the preservation of the Outstanding Universal Value of World Heritage should be taken into account. ,1271.0,2.0,split (second half)
Assessment,Process environment and property: Establish process for undertaking annual assessments of the environmental circumstances and prospect of environmental issues,1478.0,2.0,split (first half)
Assessment,Process environment and property: Establish process for undertaking annual assessments of the environmental circumstances and prospect of environmental issues,1479.0,2.0,split (second half)
Coherence,"is the accepted coordinated management plan for the Wadden Sea World Heritage property, as stated in the Nomination dossier presented to the World Heritage Committee (2013). ",2083.0,4.0,exact
Knowledge transfer,A mile stone to collect and make this knowledge available started with the Wadden Sea network of engaged scientists in the 1960s,2184.0,4.0,exact
